file,PerceptionValue,MaxSpeed,Layout,eps,x1,x2,t_start,t_x1,t_x2,t_end,GroupsStart,GroupsX1,GroupsX2,GroupsEnd,endReason
type_flocking_randommovement_0.00_perceptionrad_0.50_maxspeed_1.50_20260908_013309_layout_00.json,0.5,1.5,20260908_013309_layout_00,1.5,-0.25,0.25,1.0,13.866999626159668,14.199999809265137,31.017000198364258,3,4,4,7,timeout
type_flocking_randommovement_0.00_perceptionrad_0.50_maxspeed_1.50_20260908_013309_layout_01.json,0.5,1.5,20260908_013309_layout_01,1.5,-0.25,0.25,1.0,13.399999618530273,13.732999801635742,30.700000762939453,4,3,2,5,timeout
type_flocking_randommovement_0.00_perceptionrad_0.50_maxspeed_1.50_20260908_013309_layout_02.json,0.5,1.5,20260908_013309_layout_02,1.5,-0.25,0.25,1.0,13.432999610900879,13.767000198364258,30.700000762939453,8,6,6,12,timeout
type_flocking_randommovement_0.00_perceptionrad_0.50_maxspeed_1.50_20260908_013309_layout_03.json,0.5,1.5,20260908_013309_layout_03,1.5,-0.25,0.25,1.0,13.616999626159668,13.949999809265137,30.700000762939453,3,3,4,7,timeout
type_flocking_randommovement_0.00_perceptionrad_0.50_maxspeed_1.50_20260908_013309_layout_04.json,0.5,1.5,20260908_013309_layout_04,1.5,-0.25,0.25,1.0,13.482999801635742,13.833000183105469,30.700000762939453,5,3,3,8,timeout
type_flocking_randommovement_0.00_perceptionrad_0.50_maxspeed_1.50_20260908_013309_layout_05.json,0.5,1.5,20260908_013309_layout_05,1.5,-0.25,0.25,1.0,13.550000190734863,13.883000373840332,30.700000762939453,4,2,2,8,timeout
type_flocking_randommovement_0.00_perceptionrad_0.50_maxspeed_1.50_20260908_013309_layout_06.json,0.5,1.5,20260908_013309_layout_06,1.5,-0.25,0.25,1.0,13.366999626159668,13.782999992370605,30.700000762939453,4,4,7,9,timeout
type_flocking_randommovement_0.00_perceptionrad_0.50_maxspeed_1.50_20260908_013309_layout_07.json,0.5,1.5,20260908_013309_layout_07,1.5,-0.25,0.25,1.0,13.133000373840332,13.517000198364258,30.700000762939453,3,3,5,11,timeout
type_flocking_randommovement_0.00_perceptionrad_0.50_maxspeed_1.50_20260908_013309_layout_08.json,0.5,1.5,20260908_013309_layout_08,1.5,-0.25,0.25,1.0,13.267000198364258,13.600000381469727,30.700000762939453,2,1,1,4,timeout
type_flocking_randommovement_0.00_perceptionrad_0.50_maxspeed_1.50_20260908_013309_layout_09.json,0.5,1.5,20260908_013309_layout_09,1.5,-0.25,0.25,1.0,13.600000381469727,13.932999610900879,30.700000762939453,7,4,4,9,timeout
type_flocking_randommovement_0.00_perceptionrad_0.50_maxspeed_1.50_20260908_013309_layout_10.json,0.5,1.5,20260908_013309_layout_10,1.5,-0.25,0.25,1.0,13.267000198364258,13.600000381469727,30.700000762939453,6,4,4,10,timeout
type_flocking_randommovement_0.00_perceptionrad_0.50_maxspeed_1.50_20260908_013309_layout_11.json,0.5,1.5,20260908_013309_layout_11,1.5,-0.25,0.25,1.0,13.532999992370605,13.899999618530273,30.700000762939453,6,5,5,7,timeout
type_flocking_randommovement_0.00_perceptionrad_0.50_maxspeed_1.50_20260908_013309_layout_12.json,0.5,1.5,20260908_013309_layout_12,1.5,-0.25,0.25,1.0,13.432999610900879,13.782999992370605,30.700000762939453,3,5,5,10,timeout
type_flocking_randommovement_0.00_perceptionrad_0.50_maxspeed_1.50_20260908_013309_layout_13.json,0.5,1.5,20260908_013309_layout_13,1.5,-0.25,0.25,1.0,13.282999992370605,13.649999618530273,30.700000762939453,5,4,4,11,timeout
type_flocking_randommovement_0.00_perceptionrad_0.50_maxspeed_1.50_20260908_013309_layout_14.json,0.5,1.5,20260908_013309_layout_14,1.5,-0.25,0.25,1.0,13.699999809265137,14.032999992370605,30.700000762939453,5,4,4,8,timeout
type_flocking_randommovement_0.00_perceptionrad_0.50_maxspeed_1.50_20260908_013309_layout_15.json,0.5,1.5,20260908_013309_layout_15,1.5,-0.25,0.25,1.0,13.550000190734863,13.916999816894531,30.700000762939453,4,4,4,12,timeout
type_flocking_randommovement_0.00_perceptionrad_0.50_maxspeed_1.50_20260908_013309_layout_16.json,0.5,1.5,20260908_013309_layout_16,1.5,-0.25,0.25,1.0,13.267000198364258,13.600000381469727,30.700000762939453,3,1,1,8,timeout
type_flocking_randommovement_0.00_perceptionrad_0.50_maxspeed_1.50_20260908_013309_layout_17.json,0.5,1.5,20260908_013309_layout_17,1.5,-0.25,0.25,1.0,13.133000373840332,13.467000007629395,30.700000762939453,3,3,3,7,timeout
type_flocking_randommovement_0.00_perceptionrad_0.50_maxspeed_1.50_20260908_013309_layout_18.json,0.5,1.5,20260908_013309_layout_18,1.5,-0.25,0.25,1.0,13.366999626159668,13.699999809265137,30.700000762939453,2,1,1,4,timeout
type_flocking_randommovement_0.00_perceptionrad_0.50_maxspeed_1.50_20260908_013309_layout_19.json,0.5,1.5,20260908_013309_layout_19,1.5,-0.25,0.25,1.0,13.550000190734863,13.883000373840332,30.700000762939453,3,7,7,12,timeout
type_flocking_randommovement_0.00_perceptionrad_0.50_maxspeed_1.50_20260908_013309_layout_20.json,0.5,1.5,20260908_013309_layout_20,1.5,-0.25,0.25,1.0,13.550000190734863,13.883000373840332,30.700000762939453,4,4,6,11,timeout
type_flocking_randommovement_0.00_perceptionrad_0.50_maxspeed_1.50_20260908_013309_layout_21.json,0.5,1.5,20260908_013309_layout_21,1.5,-0.25,0.25,1.0,13.317000389099121,13.649999618530273,30.700000762939453,6,6,6,11,timeout
type_flocking_randommovement_0.00_perceptionrad_0.50_maxspeed_1.50_20260908_013309_layout_22.json,0.5,1.5,20260908_013309_layout_22,1.5,-0.25,0.25,1.0,13.300000190734863,13.633000373840332,30.700000762939453,7,4,4,7,timeout
type_flocking_randommovement_0.00_perceptionrad_0.50_maxspeed_1.50_20260908_013309_layout_23.json,0.5,1.5,20260908_013309_layout_23,1.5,-0.25,0.25,1.0,13.449999809265137,13.782999992370605,30.700000762939453,6,4,4,8,timeout
type_flocking_randommovement_0.00_perceptionrad_0.50_maxspeed_1.50_20260908_013309_layout_24.json,0.5,1.5,20260908_013309_layout_24,1.5,-0.25,0.25,1.0,13.333000183105469,13.699999809265137,30.700000762939453,7,7,7,14,timeout
type_flocking_randommovement_0.00_perceptionrad_0.50_maxspeed_1.50_20260908_013309_layout_25.json,0.5,1.5,20260908_013309_layout_25,1.5,-0.25,0.25,1.0,13.567000389099121,13.932999610900879,30.700000762939453,4,3,5,11,timeout
type_flocking_randommovement_0.00_perceptionrad_0.50_maxspeed_1.50_20260908_013309_layout_26.json,0.5,1.5,20260908_013309_layout_26,1.5,-0.25,0.25,1.0,13.300000190734863,13.649999618530273,30.700000762939453,5,4,4,7,timeout
type_flocking_randommovement_0.00_perceptionrad_0.50_maxspeed_1.50_20260908_013309_layout_27.json,0.5,1.5,20260908_013309_layout_27,1.5,-0.25,0.25,1.0,13.399999618530273,13.732999801635742,30.700000762939453,5,3,4,7,timeout
type_flocking_randommovement_0.00_perceptionrad_0.50_maxspeed_1.50_20260908_013309_layout_28.json,0.5,1.5,20260908_013309_layout_28,1.5,-0.25,0.25,1.0,13.300000190734863,13.633000373840332,30.700000762939453,5,2,4,8,timeout
type_flocking_randommovement_0.00_perceptionrad_0.50_maxspeed_1.50_20260908_013309_layout_29.json,0.5,1.5,20260908_013309_layout_29,1.5,-0.25,0.25,1.0,13.282999992370605,13.616999626159668,30.700000762939453,3,3,3,9,timeout
type_flocking_randommovement_0.00_perceptionrad_0.50_maxspeed_1.50_20260908_013309_layout_30.json,0.5,1.5,20260908_013309_layout_30,1.5,-0.25,0.25,1.0,13.5,13.833000183105469,30.700000762939453,4,4,4,9,timeout
type_flocking_randommovement_0.00_perceptionrad_0.50_maxspeed_1.50_20260908_013309_layout_31.json,0.5,1.5,20260908_013309_layout_31,1.5,-0.25,0.25,1.0,13.416999816894531,13.75,30.700000762939453,8,8,7,11,timeout
type_flocking_randommovement_0.00_perceptionrad_0.50_maxspeed_1.50_20260908_013309_layout_32.json,0.5,1.5,20260908_013309_layout_32,1.5,-0.25,0.25,1.0,13.282999992370605,13.616999626159668,30.700000762939453,5,3,4,9,timeout
type_flocking_randommovement_0.00_perceptionrad_0.50_maxspeed_1.50_20260908_013309_layout_33.json,0.5,1.5,20260908_013309_layout_33,1.5,-0.25,0.25,1.0,13.567000389099121,13.899999618530273,30.700000762939453,6,6,6,10,timeout
type_flocking_randommovement_0.00_perceptionrad_0.50_maxspeed_1.50_20260908_013309_layout_34.json,0.5,1.5,20260908_013309_layout_34,1.5,-0.25,0.25,1.0,13.449999809265137,13.782999992370605,30.700000762939453,4,3,4,6,timeout
type_flocking_randommovement_0.00_perceptionrad_0.50_maxspeed_1.50_20260908_013309_layout_35.json,0.5,1.5,20260908_013309_layout_35,1.5,-0.25,0.25,1.0,13.532999992370605,13.883000373840332,30.700000762939453,3,2,3,7,timeout
type_flocking_randommovement_0.00_perceptionrad_0.50_maxspeed_1.50_20260908_013309_layout_36.json,0.5,1.5,20260908_013309_layout_36,1.5,-0.25,0.25,1.0,13.550000190734863,13.899999618530273,30.700000762939453,5,8,7,7,timeout
type_flocking_randommovement_0.00_perceptionrad_0.50_maxspeed_1.50_20260908_013309_layout_37.json,0.5,1.5,20260908_013309_layout_37,1.5,-0.25,0.25,1.0,13.449999809265137,13.782999992370605,30.700000762939453,4,4,4,7,timeout
type_flocking_randommovement_0.00_perceptionrad_0.50_maxspeed_1.50_20260908_013309_layout_38.json,0.5,1.5,20260908_013309_layout_38,1.5,-0.25,0.25,1.0,13.350000381469727,13.699999809265137,30.700000762939453,7,7,6,9,timeout
type_flocking_randommovement_0.00_perceptionrad_0.50_maxspeed_1.50_20260908_013309_layout_39.json,0.5,1.5,20260908_013309_layout_39,1.5,-0.25,0.25,1.0,13.317000389099121,13.649999618530273,30.700000762939453,2,3,3,10,timeout
type_flocking_randommovement_0.00_perceptionrad_0.50_maxspeed_3.00_20260908_013309_layout_00.json,0.5,3.0,20260908_013309_layout_00,1.5,-0.25,0.25,1.0,9.616999626159668,9.833000183105469,30.700000762939453,7,6,8,26,timeout
type_flocking_randommovement_0.00_perceptionrad_0.50_maxspeed_3.00_20260908_013309_layout_01.json,0.5,3.0,20260908_013309_layout_01,1.5,-0.25,0.25,1.0,9.517000198364258,9.75,30.700000762939453,6,18,18,14,timeout
type_flocking_randommovement_0.00_perceptionrad_0.50_maxspeed_3.00_20260908_013309_layout_02.json,0.5,3.0,20260908_013309_layout_02,1.5,-0.25,0.25,1.0,9.300000190734863,9.482999801635742,30.700000762939453,11,14,15,18,timeout
type_flocking_randommovement_0.00_perceptionrad_0.50_maxspeed_3.00_20260908_013309_layout_03.json,0.5,3.0,20260908_013309_layout_03,1.5,-0.25,0.25,1.0,9.916999816894531,10.133000373840332,30.700000762939453,5,11,13,19,timeout
type_flocking_randommovement_0.00_perceptionrad_0.50_maxspeed_3.00_20260908_013309_layout_04.json,0.5,3.0,20260908_013309_layout_04,1.5,-0.25,0.25,1.0,9.482999801635742,9.717000007629395,30.700000762939453,5,8,10,21,timeout
type_flocking_randommovement_0.00_perceptionrad_0.50_maxspeed_3.00_20260908_013309_layout_05.json,0.5,3.0,20260908_013309_layout_05,1.5,-0.25,0.25,1.0,8.982999801635742,9.182999610900879,30.700000762939453,6,12,12,19,timeout
type_flocking_randommovement_0.00_perceptionrad_0.50_maxspeed_3.00_20260908_013309_layout_06.json,0.5,3.0,20260908_013309_layout_06,1.5,-0.25,0.25,1.0,8.982999801635742,9.166999816894531,30.700000762939453,4,15,14,12,timeout
type_flocking_randommovement_0.00_perceptionrad_0.50_maxspeed_3.00_20260908_013309_layout_07.json,0.5,3.0,20260908_013309_layout_07,1.5,-0.25,0.25,1.0,9.199999809265137,9.432999610900879,30.700000762939453,8,15,15,16,timeout
type_flocking_randommovement_0.00_perceptionrad_0.50_maxspeed_3.00_20260908_013309_layout_08.json,0.5,3.0,20260908_013309_layout_08,1.5,-0.25,0.25,1.0,9.366999626159668,9.583000183105469,30.700000762939453,2,10,10,17,timeout
type_flocking_randommovement_0.00_perceptionrad_0.50_maxspeed_3.00_20260908_013309_layout_09.json,0.5,3.0,20260908_013309_layout_09,1.5,-0.25,0.25,1.0,9.550000190734863,9.767000198364258,30.700000762939453,10,15,13,19,timeout
type_flocking_randommovement_0.00_perceptionrad_0.50_maxspeed_3.00_20260908_013309_layout_10.json,0.5,3.0,20260908_013309_layout_10,1.5,-0.25,0.25,1.0,9.017000198364258,9.25,30.700000762939453,10,14,14,19,timeout
type_flocking_randommovement_0.00_perceptionrad_0.50_maxspeed_3.00_20260908_013309_layout_11.json,0.5,3.0,20260908_013309_layout_11,1.5,-0.25,0.25,1.0,9.666999816894531,9.899999618530273,30.700000762939453,5,15,15,20,timeout
type_flocking_randommovement_0.00_perceptionrad_0.50_maxspeed_3.00_20260908_013309_layout_12.json,0.5,3.0,20260908_013309_layout_12,1.5,-0.25,0.25,1.0,9.232999801635742,9.583000183105469,30.700000762939453,8,15,15,16,timeout
type_flocking_randommovement_0.00_perceptionrad_0.50_maxspeed_3.00_20260908_013309_layout_13.json,0.5,3.0,20260908_013309_layout_13,1.5,-0.25,0.25,1.0,9.116999626159668,9.333000183105469,30.700000762939453,7,19,15,19,timeout
type_flocking_randommovement_0.00_perceptionrad_0.50_maxspeed_3.00_20260908_013309_layout_14.json,0.5,3.0,20260908_013309_layout_14,1.5,-0.25,0.25,1.0,9.699999809265137,9.916999816894531,30.700000762939453,11,17,18,17,timeout
type_flocking_randommovement_0.00_perceptionrad_0.50_maxspeed_3.00_20260908_013309_layout_15.json,0.5,3.0,20260908_013309_layout_15,1.5,-0.25,0.25,1.0,9.800000190734863,10.0,30.700000762939453,10,8,9,19,timeout
type_flocking_randommovement_0.00_perceptionrad_0.50_maxspeed_3.00_20260908_013309_layout_16.json,0.5,3.0,20260908_013309_layout_16,1.5,-0.25,0.25,1.0,7.083000183105469,7.550000190734863,30.700000762939453,6,11,13,17,timeout
type_flocking_randommovement_0.00_perceptionrad_0.50_maxspeed_3.00_20260908_013309_layout_17.json,0.5,3.0,20260908_013309_layout_17,1.5,-0.25,0.25,1.0,9.317000389099121,9.550000190734863,30.700000762939453,8,17,17,14,timeout
type_flocking_randommovement_0.00_perceptionrad_0.50_maxspeed_3.00_20260908_013309_layout_18.json,0.5,3.0,20260908_013309_layout_18,1.5,-0.25,0.25,1.0,7.566999912261963,7.7829999923706055,30.700000762939453,7,13,14,14,timeout
type_flocking_randommovement_0.00_perceptionrad_0.50_maxspeed_3.00_20260908_013309_layout_19.json,0.5,3.0,20260908_013309_layout_19,1.5,-0.25,0.25,1.0,9.166999816894531,9.399999618530273,30.700000762939453,6,19,19,16,timeout
type_flocking_randommovement_0.00_perceptionrad_0.50_maxspeed_3.00_20260908_013309_layout_20.json,0.5,3.0,20260908_013309_layout_20,1.5,-0.25,0.25,1.0,7.25,7.416999816894531,30.700000762939453,7,12,12,20,timeout
type_flocking_randommovement_0.00_perceptionrad_0.50_maxspeed_3.00_20260908_013309_layout_21.json,0.5,3.0,20260908_013309_layout_21,1.5,-0.25,0.25,1.0,7.017000198364258,7.183000087738037,30.700000762939453,6,12,12,15,timeout
type_flocking_randommovement_0.00_perceptionrad_0.50_maxspeed_3.00_20260908_013309_layout_22.json,0.5,3.0,20260908_013309_layout_22,1.5,-0.25,0.25,1.0,9.267000198364258,9.517000198364258,30.700000762939453,8,10,12,16,timeout
type_flocking_randommovement_0.00_perceptionrad_0.50_maxspeed_3.00_20260908_013309_layout_23.json,0.5,3.0,20260908_013309_layout_23,1.5,-0.25,0.25,1.0,9.366999626159668,9.583000183105469,30.700000762939453,10,16,16,17,timeout
type_flocking_randommovement_0.00_perceptionrad_0.50_maxspeed_3.00_20260908_013309_layout_24.json,0.5,3.0,20260908_013309_layout_24,1.5,-0.25,0.25,1.0,9.75,9.967000007629395,30.700000762939453,11,17,16,15,timeout
type_flocking_randommovement_0.00_perceptionrad_0.50_maxspeed_3.00_20260908_013309_layout_25.json,0.5,3.0,20260908_013309_layout_25,1.5,-0.25,0.25,1.0,9.199999809265137,9.416999816894531,30.700000762939453,8,17,18,18,timeout
type_flocking_randommovement_0.00_perceptionrad_0.50_maxspeed_3.00_20260908_013309_layout_26.json,0.5,3.0,20260908_013309_layout_26,1.5,-0.25,0.25,1.0,9.517000198364258,9.75,30.700000762939453,10,13,13,22,timeout
type_flocking_randommovement_0.00_perceptionrad_0.50_maxspeed_3.00_20260908_013309_layout_27.json,0.5,3.0,20260908_013309_layout_27,1.5,-0.25,0.25,1.0,9.383000373840332,9.633000373840332,30.700000762939453,9,11,11,22,timeout
type_flocking_randommovement_0.00_perceptionrad_0.50_maxspeed_3.00_20260908_013309_layout_28.json,0.5,3.0,20260908_013309_layout_28,1.5,-0.25,0.25,1.0,9.017000198364258,9.232999801635742,30.700000762939453,14,13,13,22,timeout
type_flocking_randommovement_0.00_perceptionrad_0.50_maxspeed_3.00_20260908_013309_layout_29.json,0.5,3.0,20260908_013309_layout_29,1.5,-0.25,0.25,1.0,9.267000198364258,9.467000007629395,30.700000762939453,7,15,15,17,timeout
type_flocking_randommovement_0.00_perceptionrad_0.50_maxspeed_3.00_20260908_013309_layout_30.json,0.5,3.0,20260908_013309_layout_30,1.5,-0.25,0.25,1.0,9.017000198364258,9.232999801635742,30.700000762939453,9,18,19,20,timeout
type_flocking_randommovement_0.00_perceptionrad_0.50_maxspeed_3.00_20260908_013309_layout_31.json,0.5,3.0,20260908_013309_layout_31,1.5,-0.25,0.25,1.0,7.050000190734863,7.2170000076293945,30.700000762939453,6,13,15,24,timeout
type_flocking_randommovement_0.00_perceptionrad_0.50_maxspeed_3.00_20260908_013309_layout_32.json,0.5,3.0,20260908_013309_layout_32,1.5,-0.25,0.25,1.0,8.116999626159668,8.616999626159668,30.700000762939453,7,16,15,20,timeout
type_flocking_randommovement_0.00_perceptionrad_0.50_maxspeed_3.00_20260908_013309_layout_33.json,0.5,3.0,20260908_013309_layout_33,1.5,-0.25,0.25,1.0,9.333000183105469,9.517000198364258,30.700000762939453,9,24,21,15,timeout
type_flocking_randommovement_0.00_perceptionrad_0.50_maxspeed_3.00_20260908_013309_layout_34.json,0.5,3.0,20260908_013309_layout_34,1.5,-0.25,0.25,1.0,7.25,7.617000102996826,30.700000762939453,11,16,18,17,timeout
type_flocking_randommovement_0.00_perceptionrad_0.50_maxspeed_3.00_20260908_013309_layout_35.json,0.5,3.0,20260908_013309_layout_35,1.5,-0.25,0.25,1.0,9.333000183105469,9.567000389099121,30.700000762939453,5,11,10,16,timeout
type_flocking_randommovement_0.00_perceptionrad_0.50_maxspeed_3.00_20260908_013309_layout_36.json,0.5,3.0,20260908_013309_layout_36,1.5,-0.25,0.25,1.0,9.532999992370605,9.75,30.700000762939453,10,14,14,21,timeout
type_flocking_randommovement_0.00_perceptionrad_0.50_maxspeed_3.00_20260908_013309_layout_37.json,0.5,3.0,20260908_013309_layout_37,1.5,-0.25,0.25,1.0,7.166999816894531,7.333000183105469,30.700000762939453,3,12,12,14,timeout
type_flocking_randommovement_0.00_perceptionrad_0.50_maxspeed_3.00_20260908_013309_layout_38.json,0.5,3.0,20260908_013309_layout_38,1.5,-0.25,0.25,1.0,9.532999992370605,9.75,30.700000762939453,7,11,11,22,timeout
type_flocking_randommovement_0.00_perceptionrad_0.50_maxspeed_3.00_20260908_013309_layout_39.json,0.5,3.0,20260908_013309_layout_39,1.5,-0.25,0.25,1.0,9.467000007629395,9.633000373840332,30.700000762939453,5,11,11,19,timeout
type_flocking_randommovement_0.00_perceptionrad_1.00_maxspeed_1.50_20260908_013309_layout_00.json,1.0,1.5,20260908_013309_layout_00,1.5,-0.25,0.25,1.0,13.482999801635742,13.817000389099121,30.700000762939453,3,6,6,8,timeout
type_flocking_randommovement_0.00_perceptionrad_1.00_maxspeed_1.50_20260908_013309_layout_01.json,1.0,1.5,20260908_013309_layout_01,1.5,-0.25,0.25,1.0,13.166999816894531,13.517000198364258,30.700000762939453,4,7,7,8,timeout
type_flocking_randommovement_0.00_perceptionrad_1.00_maxspeed_1.50_20260908_013309_layout_02.json,1.0,1.5,20260908_013309_layout_02,1.5,-0.25,0.25,1.0,13.383000373840332,13.782999992370605,30.700000762939453,8,6,5,10,timeout
type_flocking_randommovement_0.00_perceptionrad_1.00_maxspeed_1.50_20260908_013309_layout_03.json,1.0,1.5,20260908_013309_layout_03,1.5,-0.25,0.25,1.0,13.383000373840332,13.767000198364258,30.700000762939453,6,4,4,7,timeout
type_flocking_randommovement_0.00_perceptionrad_1.00_maxspeed_1.50_20260908_013309_layout_04.json,1.0,1.5,20260908_013309_layout_04,1.5,-0.25,0.25,1.0,13.300000190734863,13.649999618530273,30.700000762939453,8,8,7,9,timeout
type_flocking_randommovement_0.00_perceptionrad_1.00_maxspeed_1.50_20260908_013309_layout_05.json,1.0,1.5,20260908_013309_layout_05,1.5,-0.25,0.25,1.0,13.317000389099121,13.649999618530273,30.700000762939453,6,7,7,8,timeout
type_flocking_randommovement_0.00_perceptionrad_1.00_maxspeed_1.50_20260908_013309_layout_06.json,1.0,1.5,20260908_013309_layout_06,1.5,-0.25,0.25,1.0,13.600000381469727,13.967000007629395,30.700000762939453,3,6,6,9,timeout
type_flocking_randommovement_0.00_perceptionrad_1.00_maxspeed_1.50_20260908_013309_layout_07.json,1.0,1.5,20260908_013309_layout_07,1.5,-0.25,0.25,1.0,13.182999610900879,13.517000198364258,30.700000762939453,4,4,4,6,timeout
type_flocking_randommovement_0.00_perceptionrad_1.00_maxspeed_1.50_20260908_013309_layout_08.json,1.0,1.5,20260908_013309_layout_08,1.5,-0.25,0.25,1.0,12.967000007629395,13.300000190734863,30.700000762939453,6,6,6,8,timeout
type_flocking_randommovement_0.00_perceptionrad_1.00_maxspeed_1.50_20260908_013309_layout_09.json,1.0,1.5,20260908_013309_layout_09,1.5,-0.25,0.25,1.0,13.482999801635742,13.817000389099121,30.700000762939453,8,5,6,7,timeout
type_flocking_randommovement_0.00_perceptionrad_1.00_maxspeed_1.50_20260908_013309_layout_10.json,1.0,1.5,20260908_013309_layout_10,1.5,-0.25,0.25,1.0,13.267000198364258,13.633000373840332,30.700000762939453,5,4,4,8,timeout
type_flocking_randommovement_0.00_perceptionrad_1.00_maxspeed_1.50_20260908_013309_layout_11.json,1.0,1.5,20260908_013309_layout_11,1.5,-0.25,0.25,1.0,13.300000190734863,13.633999824523926,30.700000762939453,6,7,7,6,timeout
type_flocking_randommovement_0.00_perceptionrad_1.00_maxspeed_1.50_20260908_013309_layout_12.json,1.0,1.5,20260908_013309_layout_12,1.5,-0.25,0.25,1.0,13.25,13.600000381469727,30.700000762939453,6,7,7,11,timeout
type_flocking_randommovement_0.00_perceptionrad_1.00_maxspeed_1.50_20260908_013309_layout_13.json,1.0,1.5,20260908_013309_layout_13,1.5,-0.25,0.25,1.0,13.182999610900879,13.517000198364258,30.700000762939453,4,5,5,4,timeout
type_flocking_randommovement_0.00_perceptionrad_1.00_maxspeed_1.50_20260908_013309_layout_14.json,1.0,1.5,20260908_013309_layout_14,1.5,-0.25,0.25,1.0,13.600000381469727,13.949999809265137,30.700000762939453,6,6,6,8,timeout
type_flocking_randommovement_0.00_perceptionrad_1.00_maxspeed_1.50_20260908_013309_layout_15.json,1.0,1.5,20260908_013309_layout_15,1.5,-0.25,0.25,1.0,13.467000007629395,13.866000175476074,30.700000762939453,6,6,6,7,timeout
type_flocking_randommovement_0.00_perceptionrad_1.00_maxspeed_1.50_20260908_013309_layout_16.json,1.0,1.5,20260908_013309_layout_16,1.5,-0.25,0.25,1.0,13.032999992370605,13.366999626159668,30.700000762939453,7,8,8,7,timeout
type_flocking_randommovement_0.00_perceptionrad_1.00_maxspeed_1.50_20260908_013309_layout_17.json,1.0,1.5,20260908_013309_layout_17,1.5,-0.25,0.25,1.0,13.116000175476074,13.482999801635742,30.700000762939453,4,5,5,6,timeout
type_flocking_randommovement_0.00_perceptionrad_1.00_maxspeed_1.50_20260908_013309_layout_18.json,1.0,1.5,20260908_013309_layout_18,1.5,-0.25,0.25,1.0,13.217000007629395,13.550000190734863,30.700000762939453,5,6,7,6,timeout
type_flocking_randommovement_0.00_perceptionrad_1.00_maxspeed_1.50_20260908_013309_layout_19.json,1.0,1.5,20260908_013309_layout_19,1.5,-0.25,0.25,1.0,14.317000389099121,14.967000007629395,30.700000762939453,6,6,8,13,timeout
type_flocking_randommovement_0.00_perceptionrad_1.00_maxspeed_1.50_20260908_013309_layout_20.json,1.0,1.5,20260908_013309_layout_20,1.5,-0.25,0.25,1.0,13.366999626159668,13.717000007629395,30.700000762939453,4,5,5,6,timeout
type_flocking_randommovement_0.00_perceptionrad_1.00_maxspeed_1.50_20260908_013309_layout_21.json,1.0,1.5,20260908_013309_layout_21,1.5,-0.25,0.25,1.0,13.317000389099121,13.649999618530273,30.700000762939453,7,8,8,12,timeout
type_flocking_randommovement_0.00_perceptionrad_1.00_maxspeed_1.50_20260908_013309_layout_22.json,1.0,1.5,20260908_013309_layout_22,1.5,-0.25,0.25,1.0,13.232999801635742,13.567000389099121,30.700000762939453,6,3,3,3,timeout
type_flocking_randommovement_0.00_perceptionrad_1.00_maxspeed_1.50_20260908_013309_layout_23.json,1.0,1.5,20260908_013309_layout_23,1.5,-0.25,0.25,1.0,13.317000389099121,13.666999816894531,30.700000762939453,9,4,5,4,timeout
type_flocking_randommovement_0.00_perceptionrad_1.00_maxspeed_1.50_20260908_013309_layout_24.json,1.0,1.5,20260908_013309_layout_24,1.5,-0.25,0.25,1.0,13.199999809265137,13.532999992370605,30.700000762939453,6,5,4,8,timeout
type_flocking_randommovement_0.00_perceptionrad_1.00_maxspeed_1.50_20260908_013309_layout_25.json,1.0,1.5,20260908_013309_layout_25,1.5,-0.25,0.25,1.0,13.149999618530273,13.482999801635742,30.700000762939453,5,4,4,9,timeout
type_flocking_randommovement_0.00_perceptionrad_1.00_maxspeed_1.50_20260908_013309_layout_26.json,1.0,1.5,20260908_013309_layout_26,1.5,-0.25,0.25,1.0,13.0,13.366999626159668,30.700000762939453,4,5,7,9,timeout
type_flocking_randommovement_0.00_perceptionrad_1.00_maxspeed_1.50_20260908_013309_layout_27.json,1.0,1.5,20260908_013309_layout_27,1.5,-0.25,0.25,1.0,13.366999626159668,13.699999809265137,30.700000762939453,7,4,3,6,timeout
type_flocking_randommovement_0.00_perceptionrad_1.00_maxspeed_1.50_20260908_013309_layout_28.json,1.0,1.5,20260908_013309_layout_28,1.5,-0.25,0.25,1.0,13.067000389099121,13.399999618530273,30.700000762939453,7,9,10,8,timeout
type_flocking_randommovement_0.00_perceptionrad_1.00_maxspeed_1.50_20260908_013309_layout_29.json,1.0,1.5,20260908_013309_layout_29,1.5,-0.25,0.25,1.0,12.899999618530273,13.232999801635742,30.700000762939453,5,5,5,4,timeout
type_flocking_randommovement_0.00_perceptionrad_1.00_maxspeed_1.50_20260908_013309_layout_30.json,1.0,1.5,20260908_013309_layout_30,1.5,-0.25,0.25,1.0,13.182999610900879,13.532999992370605,30.700000762939453,3,7,6,8,timeout
type_flocking_randommovement_0.00_perceptionrad_1.00_maxspeed_1.50_20260908_013309_layout_31.json,1.0,1.5,20260908_013309_layout_31,1.5,-0.25,0.25,1.0,13.532999992370605,13.883000373840332,30.700000762939453,9,8,8,7,timeout
type_flocking_randommovement_0.00_perceptionrad_1.00_maxspeed_1.50_20260908_013309_layout_32.json,1.0,1.5,20260908_013309_layout_32,1.5,-0.25,0.25,1.0,13.25,13.583000183105469,30.700000762939453,5,3,3,5,timeout
type_flocking_randommovement_0.00_perceptionrad_1.00_maxspeed_1.50_20260908_013309_layout_33.json,1.0,1.5,20260908_013309_layout_33,1.5,-0.25,0.25,1.0,13.567000389099121,13.899999618530273,30.700000762939453,6,6,5,9,timeout
type_flocking_randommovement_0.00_perceptionrad_1.00_maxspeed_1.50_20260908_013309_layout_34.json,1.0,1.5,20260908_013309_layout_34,1.5,-0.25,0.25,1.0,13.416999816894531,13.75,30.700000762939453,6,6,6,8,timeout
type_flocking_randommovement_0.00_perceptionrad_1.00_maxspeed_1.50_20260908_013309_layout_35.json,1.0,1.5,20260908_013309_layout_35,1.5,-0.25,0.25,1.0,13.217000007629395,13.550000190734863,30.700000762939453,6,5,5,6,timeout
type_flocking_randommovement_0.00_perceptionrad_1.00_maxspeed_1.50_20260908_013309_layout_36.json,1.0,1.5,20260908_013309_layout_36,1.5,-0.25,0.25,1.0,13.699999809265137,14.116999626159668,30.700000762939453,6,5,5,5,timeout
type_flocking_randommovement_0.00_perceptionrad_1.00_maxspeed_1.50_20260908_013309_layout_37.json,1.0,1.5,20260908_013309_layout_37,1.5,-0.25,0.25,1.0,13.267000198364258,13.682999610900879,30.700000762939453,10,7,7,5,timeout
type_flocking_randommovement_0.00_perceptionrad_1.00_maxspeed_1.50_20260908_013309_layout_38.json,1.0,1.5,20260908_013309_layout_38,1.5,-0.25,0.25,1.0,13.050000190734863,13.383000373840332,30.700000762939453,10,11,11,7,timeout
type_flocking_randommovement_0.00_perceptionrad_1.00_maxspeed_1.50_20260908_013309_layout_39.json,1.0,1.5,20260908_013309_layout_39,1.5,-0.25,0.25,1.0,13.282999992370605,13.616999626159668,30.700000762939453,2,5,4,7,timeout
type_flocking_randommovement_0.00_perceptionrad_1.00_maxspeed_3.00_20260908_013309_layout_00.json,1.0,3.0,20260908_013309_layout_00,1.5,-0.25,0.25,1.0,6.900000095367432,7.066999912261963,30.700000762939453,5,7,6,9,timeout
type_flocking_randommovement_0.00_perceptionrad_1.00_maxspeed_3.00_20260908_013309_layout_01.json,1.0,3.0,20260908_013309_layout_01,1.5,-0.25,0.25,1.0,6.75,6.916999816894531,30.700000762939453,3,6,7,9,timeout
type_flocking_randommovement_0.00_perceptionrad_1.00_maxspeed_3.00_20260908_013309_layout_02.json,1.0,3.0,20260908_013309_layout_02,1.5,-0.25,0.25,1.0,6.882999897003174,7.050000190734863,30.700000762939453,7,7,10,10,timeout
type_flocking_randommovement_0.00_perceptionrad_1.00_maxspeed_3.00_20260908_013309_layout_03.json,1.0,3.0,20260908_013309_layout_03,1.5,-0.25,0.25,1.0,6.949999809265137,7.133999824523926,30.700000762939453,8,7,7,8,timeout
type_flocking_randommovement_0.00_perceptionrad_1.00_maxspeed_3.00_20260908_013309_layout_04.json,1.0,3.0,20260908_013309_layout_04,1.5,-0.25,0.25,1.0,6.900000095367432,7.066999912261963,30.700000762939453,9,9,10,15,timeout
type_flocking_randommovement_0.00_perceptionrad_1.00_maxspeed_3.00_20260908_013309_layout_05.json,1.0,3.0,20260908_013309_layout_05,1.5,-0.25,0.25,1.0,6.833000183105469,7.0,30.700000762939453,6,8,8,9,timeout
type_flocking_randommovement_0.00_perceptionrad_1.00_maxspeed_3.00_20260908_013309_layout_06.json,1.0,3.0,20260908_013309_layout_06,1.5,-0.25,0.25,1.0,7.0,7.199999809265137,30.700000762939453,4,7,7,7,timeout
type_flocking_randommovement_0.00_perceptionrad_1.00_maxspeed_3.00_20260908_013309_layout_07.json,1.0,3.0,20260908_013309_layout_07,1.5,-0.25,0.25,1.0,6.75,6.916999816894531,30.700000762939453,5,5,5,9,timeout
type_flocking_randommovement_0.00_perceptionrad_1.00_maxspeed_3.00_20260908_013309_layout_08.json,1.0,3.0,20260908_013309_layout_08,1.5,-0.25,0.25,1.0,6.699999809265137,6.867000102996826,30.700000762939453,6,7,7,11,timeout
type_flocking_randommovement_0.00_perceptionrad_1.00_maxspeed_3.00_20260908_013309_layout_09.json,1.0,3.0,20260908_013309_layout_09,1.5,-0.25,0.25,1.0,6.982999801635742,7.150000095367432,30.700000762939453,6,5,6,10,timeout
type_flocking_randommovement_0.00_perceptionrad_1.00_maxspeed_3.00_20260908_013309_layout_10.json,1.0,3.0,20260908_013309_layout_10,1.5,-0.25,0.25,1.0,6.767000198364258,6.933000087738037,30.700000762939453,5,4,4,10,timeout
type_flocking_randommovement_0.00_perceptionrad_1.00_maxspeed_3.00_20260908_013309_layout_11.json,1.0,3.0,20260908_013309_layout_11,1.5,-0.25,0.25,1.0,6.816999912261963,6.982999801635742,30.700000762939453,5,5,7,12,timeout
type_flocking_randommovement_0.00_perceptionrad_1.00_maxspeed_3.00_20260908_013309_layout_12.json,1.0,3.0,20260908_013309_layout_12,1.5,-0.25,0.25,1.0,6.849999904632568,7.017000198364258,30.700000762939453,5,8,8,4,timeout
type_flocking_randommovement_0.00_perceptionrad_1.00_maxspeed_3.00_20260908_013309_layout_13.json,1.0,3.0,20260908_013309_layout_13,1.5,-0.25,0.25,1.0,6.767000198364258,6.933000087738037,30.700000762939453,4,7,6,9,timeout
type_flocking_randommovement_0.00_perceptionrad_1.00_maxspeed_3.00_20260908_013309_layout_14.json,1.0,3.0,20260908_013309_layout_14,1.5,-0.25,0.25,1.0,6.9670000076293945,7.132999897003174,30.700000762939453,6,7,7,9,timeout
type_flocking_randommovement_0.00_perceptionrad_1.00_maxspeed_3.00_20260908_013309_layout_15.json,1.0,3.0,20260908_013309_layout_15,1.5,-0.25,0.25,1.0,6.849999904632568,7.033999919891357,30.700000762939453,7,6,5,15,timeout
type_flocking_randommovement_0.00_perceptionrad_1.00_maxspeed_3.00_20260908_013309_layout_16.json,1.0,3.0,20260908_013309_layout_16,1.5,-0.25,0.25,1.0,6.683000087738037,6.849999904632568,30.700000762939453,8,6,6,8,timeout
type_flocking_randommovement_0.00_perceptionrad_1.00_maxspeed_3.00_20260908_013309_layout_17.json,1.0,3.0,20260908_013309_layout_17,1.5,-0.25,0.25,1.0,6.800000190734863,6.9670000076293945,30.700000762939453,7,7,7,8,timeout
type_flocking_randommovement_0.00_perceptionrad_1.00_maxspeed_3.00_20260908_013309_layout_18.json,1.0,3.0,20260908_013309_layout_18,1.5,-0.25,0.25,1.0,6.882999897003174,7.050000190734863,30.700000762939453,5,6,7,13,timeout
type_flocking_randommovement_0.00_perceptionrad_1.00_maxspeed_3.00_20260908_013309_layout_19.json,1.0,3.0,20260908_013309_layout_19,1.5,-0.25,0.25,1.0,7.116000175476074,7.333000183105469,30.700000762939453,8,7,8,5,timeout
type_flocking_randommovement_0.00_perceptionrad_1.00_maxspeed_3.00_20260908_013309_layout_20.json,1.0,3.0,20260908_013309_layout_20,1.5,-0.25,0.25,1.0,6.916999816894531,7.099999904632568,30.700000762939453,6,7,6,5,timeout
type_flocking_randommovement_0.00_perceptionrad_1.00_maxspeed_3.00_20260908_013309_layout_21.json,1.0,3.0,20260908_013309_layout_21,1.5,-0.25,0.25,1.0,6.833000183105469,7.0,30.700000762939453,6,5,5,7,timeout
type_flocking_randommovement_0.00_perceptionrad_1.00_maxspeed_3.00_20260908_013309_layout_22.json,1.0,3.0,20260908_013309_layout_22,1.5,-0.25,0.25,1.0,6.816999912261963,6.982999801635742,30.700000762939453,5,6,5,5,timeout
type_flocking_randommovement_0.00_perceptionrad_1.00_maxspeed_3.00_20260908_013309_layout_23.json,1.0,3.0,20260908_013309_layout_23,1.5,-0.25,0.25,1.0,6.849999904632568,7.017000198364258,30.700000762939453,11,10,10,13,timeout
type_flocking_randommovement_0.00_perceptionrad_1.00_maxspeed_3.00_20260908_013309_layout_24.json,1.0,3.0,20260908_013309_layout_24,1.5,-0.25,0.25,1.0,6.800000190734863,6.9670000076293945,30.700000762939453,4,6,6,14,timeout
type_flocking_randommovement_0.00_perceptionrad_1.00_maxspeed_3.00_20260908_013309_layout_25.json,1.0,3.0,20260908_013309_layout_25,1.5,-0.25,0.25,1.0,6.900000095367432,7.083000183105469,30.700000762939453,6,6,7,12,timeout
type_flocking_randommovement_0.00_perceptionrad_1.00_maxspeed_3.00_20260908_013309_layout_26.json,1.0,3.0,20260908_013309_layout_26,1.5,-0.25,0.25,1.0,6.732999801635742,6.900000095367432,30.700000762939453,4,7,7,5,timeout
type_flocking_randommovement_0.00_perceptionrad_1.00_maxspeed_3.00_20260908_013309_layout_27.json,1.0,3.0,20260908_013309_layout_27,1.5,-0.25,0.25,1.0,6.849999904632568,7.017000198364258,30.700000762939453,7,6,6,7,timeout
type_flocking_randommovement_0.00_perceptionrad_1.00_maxspeed_3.00_20260908_013309_layout_28.json,1.0,3.0,20260908_013309_layout_28,1.5,-0.25,0.25,1.0,6.683000087738037,6.849999904632568,30.700000762939453,10,9,9,15,timeout
type_flocking_randommovement_0.00_perceptionrad_1.00_maxspeed_3.00_20260908_013309_layout_29.json,1.0,3.0,20260908_013309_layout_29,1.5,-0.25,0.25,1.0,6.566999912261963,6.732999801635742,30.700000762939453,5,5,5,6,timeout
type_flocking_randommovement_0.00_perceptionrad_1.00_maxspeed_3.00_20260908_013309_layout_30.json,1.0,3.0,20260908_013309_layout_30,1.5,-0.25,0.25,1.0,6.732999801635742,6.900000095367432,30.700000762939453,3,7,7,15,timeout
type_flocking_randommovement_0.00_perceptionrad_1.00_maxspeed_3.00_20260908_013309_layout_31.json,1.0,3.0,20260908_013309_layout_31,1.5,-0.25,0.25,1.0,6.933000087738037,7.099999904632568,30.700000762939453,8,9,9,10,timeout
type_flocking_randommovement_0.00_perceptionrad_1.00_maxspeed_3.00_20260908_013309_layout_32.json,1.0,3.0,20260908_013309_layout_32,1.5,-0.25,0.25,1.0,6.767000198364258,6.933000087738037,30.700000762939453,4,3,3,11,timeout
type_flocking_randommovement_0.00_perceptionrad_1.00_maxspeed_3.00_20260908_013309_layout_33.json,1.0,3.0,20260908_013309_layout_33,1.5,-0.25,0.25,1.0,6.934000015258789,7.099999904632568,30.700000762939453,4,6,6,6,timeout
type_flocking_randommovement_0.00_perceptionrad_1.00_maxspeed_3.00_20260908_013309_layout_34.json,1.0,3.0,20260908_013309_layout_34,1.5,-0.25,0.25,1.0,6.982999801635742,7.216000080108643,30.700000762939453,8,6,7,12,timeout
type_flocking_randommovement_0.00_perceptionrad_1.00_maxspeed_3.00_20260908_013309_layout_35.json,1.0,3.0,20260908_013309_layout_35,1.5,-0.25,0.25,1.0,6.815999984741211,6.982999801635742,30.700000762939453,6,6,6,10,timeout
type_flocking_randommovement_0.00_perceptionrad_1.00_maxspeed_3.00_20260908_013309_layout_36.json,1.0,3.0,20260908_013309_layout_36,1.5,-0.25,0.25,1.0,7.0,7.184000015258789,30.700000762939453,6,6,5,9,timeout
type_flocking_randommovement_0.00_perceptionrad_1.00_maxspeed_3.00_20260908_013309_layout_37.json,1.0,3.0,20260908_013309_layout_37,1.5,-0.25,0.25,1.0,6.849999904632568,7.017000198364258,30.700000762939453,10,9,8,8,timeout
type_flocking_randommovement_0.00_perceptionrad_1.00_maxspeed_3.00_20260908_013309_layout_38.json,1.0,3.0,20260908_013309_layout_38,1.5,-0.25,0.25,1.0,6.716000080108643,6.882999897003174,30.700000762939453,11,8,8,11,timeout
type_flocking_randommovement_0.00_perceptionrad_1.00_maxspeed_3.00_20260908_013309_layout_39.json,1.0,3.0,20260908_013309_layout_39,1.5,-0.25,0.25,1.0,6.815999984741211,6.982999801635742,30.700000762939453,6,7,7,7,timeout
type_flocking_randommovement_0.00_perceptionrad_1.50_maxspeed_1.50_20260908_013309_layout_00.json,1.5,1.5,20260908_013309_layout_00,1.5,-0.25,0.25,1.0,13.149999618530273,13.5,30.700000762939453,2,3,3,3,timeout
type_flocking_randommovement_0.00_perceptionrad_1.50_maxspeed_1.50_20260908_013309_layout_01.json,1.5,1.5,20260908_013309_layout_01,1.5,-0.25,0.25,1.0,13.199999809265137,13.534000396728516,30.700000762939453,4,4,4,4,timeout
type_flocking_randommovement_0.00_perceptionrad_1.50_maxspeed_1.50_20260908_013309_layout_02.json,1.5,1.5,20260908_013309_layout_02,1.5,-0.25,0.25,1.0,13.767000198364258,14.166999816894531,30.700000762939453,4,3,3,4,timeout
type_flocking_randommovement_0.00_perceptionrad_1.50_maxspeed_1.50_20260908_013309_layout_03.json,1.5,1.5,20260908_013309_layout_03,1.5,-0.25,0.25,1.0,13.416999816894531,13.815999984741211,30.700000762939453,3,3,3,2,timeout
type_flocking_randommovement_0.00_perceptionrad_1.50_maxspeed_1.50_20260908_013309_layout_04.json,1.5,1.5,20260908_013309_layout_04,1.5,-0.25,0.25,1.0,13.133000373840332,13.5,30.700000762939453,5,3,3,3,timeout
type_flocking_randommovement_0.00_perceptionrad_1.50_maxspeed_1.50_20260908_013309_layout_05.json,1.5,1.5,20260908_013309_layout_05,1.5,-0.25,0.25,1.0,13.434000015258789,13.767000198364258,30.700000762939453,3,3,3,5,timeout
type_flocking_randommovement_0.00_perceptionrad_1.50_maxspeed_1.50_20260908_013309_layout_06.json,1.5,1.5,20260908_013309_layout_06,1.5,-0.25,0.25,1.0,13.699999809265137,14.032999992370605,30.700000762939453,2,2,3,3,timeout
type_flocking_randommovement_0.00_perceptionrad_1.50_maxspeed_1.50_20260908_013309_layout_07.json,1.5,1.5,20260908_013309_layout_07,1.5,-0.25,0.25,1.0,13.217000007629395,13.550000190734863,30.700000762939453,3,3,3,3,timeout
type_flocking_randommovement_0.00_perceptionrad_1.50_maxspeed_1.50_20260908_013309_layout_08.json,1.5,1.5,20260908_013309_layout_08,1.5,-0.25,0.25,1.0,13.083999633789062,13.416999816894531,30.700000762939453,2,2,2,3,timeout
type_flocking_randommovement_0.00_perceptionrad_1.50_maxspeed_1.50_20260908_013309_layout_09.json,1.5,1.5,20260908_013309_layout_09,1.5,-0.25,0.25,1.0,13.416999816894531,13.767000198364258,30.700000762939453,5,3,3,4,timeout
type_flocking_randommovement_0.00_perceptionrad_1.50_maxspeed_1.50_20260908_013309_layout_10.json,1.5,1.5,20260908_013309_layout_10,1.5,-0.25,0.25,1.0,13.300000190734863,13.666999816894531,30.700000762939453,3,3,3,3,timeout
type_flocking_randommovement_0.00_perceptionrad_1.50_maxspeed_1.50_20260908_013309_layout_11.json,1.5,1.5,20260908_013309_layout_11,1.5,-0.25,0.25,1.0,13.232999801635742,13.567000389099121,30.700000762939453,5,5,5,4,timeout
type_flocking_randommovement_0.00_perceptionrad_1.50_maxspeed_1.50_20260908_013309_layout_12.json,1.5,1.5,20260908_013309_layout_12,1.5,-0.25,0.25,1.0,13.399999618530273,13.784000396728516,30.700000762939453,2,2,2,4,timeout
type_flocking_randommovement_0.00_perceptionrad_1.50_maxspeed_1.50_20260908_013309_layout_13.json,1.5,1.5,20260908_013309_layout_13,1.5,-0.25,0.25,1.0,13.267000198364258,13.616999626159668,30.700000762939453,2,4,4,4,timeout
type_flocking_randommovement_0.00_perceptionrad_1.50_maxspeed_1.50_20260908_013309_layout_14.json,1.5,1.5,20260908_013309_layout_14,1.5,-0.25,0.25,1.0,13.883000373840332,14.25,30.700000762939453,5,5,5,6,timeout
type_flocking_randommovement_0.00_perceptionrad_1.50_maxspeed_1.50_20260908_013309_layout_15.json,1.5,1.5,20260908_013309_layout_15,1.5,-0.25,0.25,1.0,14.399999618530273,14.833999633789062,30.700000762939453,4,6,7,6,timeout
type_flocking_randommovement_0.00_perceptionrad_1.50_maxspeed_1.50_20260908_013309_layout_16.json,1.5,1.5,20260908_013309_layout_16,1.5,-0.25,0.25,1.0,13.017000198364258,13.350000381469727,30.700000762939453,4,4,4,5,timeout
type_flocking_randommovement_0.00_perceptionrad_1.50_maxspeed_1.50_20260908_013309_layout_17.json,1.5,1.5,20260908_013309_layout_17,1.5,-0.25,0.25,1.0,12.732999801635742,13.065999984741211,30.700000762939453,3,4,4,4,timeout
type_flocking_randommovement_0.00_perceptionrad_1.50_maxspeed_1.50_20260908_013309_layout_18.json,1.5,1.5,20260908_013309_layout_18,1.5,-0.25,0.25,1.0,12.949999809265137,13.300000190734863,30.533000946044922,4,2,2,3,goal-area
type_flocking_randommovement_0.00_perceptionrad_1.50_maxspeed_1.50_20260908_013309_layout_19.json,1.5,1.5,20260908_013309_layout_19,1.5,-0.25,0.25,1.0,13.815999984741211,14.149999618530273,30.700000762939453,3,4,3,2,timeout
type_flocking_randommovement_0.00_perceptionrad_1.50_maxspeed_1.50_20260908_013309_layout_20.json,1.5,1.5,20260908_013309_layout_20,1.5,-0.25,0.25,1.0,13.934000015258789,14.366999626159668,30.700000762939453,3,1,1,3,timeout
type_flocking_randommovement_0.00_perceptionrad_1.50_maxspeed_1.50_20260908_013309_layout_21.json,1.5,1.5,20260908_013309_layout_21,1.5,-0.25,0.25,1.0,13.416999816894531,13.866999626159668,30.700000762939453,6,5,4,5,timeout
type_flocking_randommovement_0.00_perceptionrad_1.50_maxspeed_1.50_20260908_013309_layout_22.json,1.5,1.5,20260908_013309_layout_22,1.5,-0.25,0.25,1.0,13.133000373840332,13.482999801635742,30.700000762939453,3,4,4,3,timeout
type_flocking_randommovement_0.00_perceptionrad_1.50_maxspeed_1.50_20260908_013309_layout_23.json,1.5,1.5,20260908_013309_layout_23,1.5,-0.25,0.25,1.0,13.350000381469727,13.732999801635742,30.700000762939453,2,3,2,3,timeout
type_flocking_randommovement_0.00_perceptionrad_1.50_maxspeed_1.50_20260908_013309_layout_24.json,1.5,1.5,20260908_013309_layout_24,1.5,-0.25,0.25,1.0,13.633000373840332,13.967000007629395,30.700000762939453,4,6,6,6,timeout
type_flocking_randommovement_0.00_perceptionrad_1.50_maxspeed_1.50_20260908_013309_layout_25.json,1.5,1.5,20260908_013309_layout_25,1.5,-0.25,0.25,1.0,13.517000198364258,13.883999824523926,30.700000762939453,3,3,3,4,timeout
type_flocking_randommovement_0.00_perceptionrad_1.50_maxspeed_1.50_20260908_013309_layout_26.json,1.5,1.5,20260908_013309_layout_26,1.5,-0.25,0.25,1.0,13.133000373840332,13.465999603271484,30.700000762939453,3,4,4,6,timeout
type_flocking_randommovement_0.00_perceptionrad_1.50_maxspeed_1.50_20260908_013309_layout_27.json,1.5,1.5,20260908_013309_layout_27,1.5,-0.25,0.25,1.0,13.217000007629395,13.550000190734863,30.700000762939453,4,4,3,5,timeout
type_flocking_randommovement_0.00_perceptionrad_1.50_maxspeed_1.50_20260908_013309_layout_28.json,1.5,1.5,20260908_013309_layout_28,1.5,-0.25,0.25,1.0,13.0,13.366999626159668,30.700000762939453,4,4,4,4,timeout
type_flocking_randommovement_0.00_perceptionrad_1.50_maxspeed_1.50_20260908_013309_layout_29.json,1.5,1.5,20260908_013309_layout_29,1.5,-0.25,0.25,1.0,12.800000190734863,13.182999610900879,30.700000762939453,3,4,4,3,timeout
type_flocking_randommovement_0.00_perceptionrad_1.50_maxspeed_1.50_20260908_013309_layout_30.json,1.5,1.5,20260908_013309_layout_30,1.5,-0.25,0.25,1.0,13.217000007629395,13.633000373840332,30.700000762939453,3,2,2,3,timeout
type_flocking_randommovement_0.00_perceptionrad_1.50_maxspeed_1.50_20260908_013309_layout_31.json,1.5,1.5,20260908_013309_layout_31,1.5,-0.25,0.25,1.0,13.684000015258789,14.067000389099121,30.700000762939453,4,5,4,3,timeout
type_flocking_randommovement_0.00_perceptionrad_1.50_maxspeed_1.50_20260908_013309_layout_32.json,1.5,1.5,20260908_013309_layout_32,1.5,-0.25,0.25,1.0,13.017000198364258,13.350000381469727,30.700000762939453,4,3,3,2,timeout
type_flocking_randommovement_0.00_perceptionrad_1.50_maxspeed_1.50_20260908_013309_layout_33.json,1.5,1.5,20260908_013309_layout_33,1.5,-0.25,0.25,1.0,13.366999626159668,13.732999801635742,30.700000762939453,6,4,4,2,timeout
type_flocking_randommovement_0.00_perceptionrad_1.50_maxspeed_1.50_20260908_013309_layout_34.json,1.5,1.5,20260908_013309_layout_34,1.5,-0.25,0.25,1.0,13.565999984741211,13.899999618530273,30.700000762939453,1,2,2,2,timeout
type_flocking_randommovement_0.00_perceptionrad_1.50_maxspeed_1.50_20260908_013309_layout_35.json,1.5,1.5,20260908_013309_layout_35,1.5,-0.25,0.25,1.0,13.0,13.333999633789062,30.617000579833984,3,3,2,2,goal-area
type_flocking_randommovement_0.00_perceptionrad_1.50_maxspeed_1.50_20260908_013309_layout_36.json,1.5,1.5,20260908_013309_layout_36,1.5,-0.25,0.25,1.0,15.350000381469727,15.699999809265137,30.700000762939453,5,5,5,7,timeout
type_flocking_randommovement_0.00_perceptionrad_1.50_maxspeed_1.50_20260908_013309_layout_37.json,1.5,1.5,20260908_013309_layout_37,1.5,-0.25,0.25,1.0,13.217000007629395,13.550000190734863,30.700000762939453,4,2,2,4,timeout
type_flocking_randommovement_0.00_perceptionrad_1.50_maxspeed_1.50_20260908_013309_layout_38.json,1.5,1.5,20260908_013309_layout_38,1.5,-0.25,0.25,1.0,13.083999633789062,13.416999816894531,30.700000762939453,6,6,6,6,timeout
type_flocking_randommovement_0.00_perceptionrad_1.50_maxspeed_1.50_20260908_013309_layout_39.json,1.5,1.5,20260908_013309_layout_39,1.5,-0.25,0.25,1.0,13.215999603271484,13.565999984741211,30.700000762939453,2,2,2,2,timeout
type_flocking_randommovement_0.00_perceptionrad_1.50_maxspeed_3.00_20260908_013309_layout_00.json,1.5,3.0,20260908_013309_layout_00,1.5,-0.25,0.25,1.0,6.900000095367432,7.065999984741211,30.700000762939453,2,2,3,4,timeout
type_flocking_randommovement_0.00_perceptionrad_1.50_maxspeed_3.00_20260908_013309_layout_01.json,1.5,3.0,20260908_013309_layout_01,1.5,-0.25,0.25,1.0,6.732999801635742,6.916999816894531,30.700000762939453,4,4,4,7,timeout
type_flocking_randommovement_0.00_perceptionrad_1.50_maxspeed_3.00_20260908_013309_layout_02.json,1.5,3.0,20260908_013309_layout_02,1.5,-0.25,0.25,1.0,6.900000095367432,7.066999912261963,30.700000762939453,4,3,3,6,timeout
type_flocking_randommovement_0.00_perceptionrad_1.50_maxspeed_3.00_20260908_013309_layout_03.json,1.5,3.0,20260908_013309_layout_03,1.5,-0.25,0.25,1.0,6.867000102996826,7.0329999923706055,30.700000762939453,3,3,3,9,timeout
type_flocking_randommovement_0.00_perceptionrad_1.50_maxspeed_3.00_20260908_013309_layout_04.json,1.5,3.0,20260908_013309_layout_04,1.5,-0.25,0.25,1.0,6.916999816894531,7.083000183105469,30.700000762939453,4,3,3,7,timeout
type_flocking_randommovement_0.00_perceptionrad_1.50_maxspeed_3.00_20260908_013309_layout_05.json,1.5,3.0,20260908_013309_layout_05,1.5,-0.25,0.25,1.0,6.916999816894531,7.099999904632568,30.700000762939453,3,3,4,9,timeout
type_flocking_randommovement_0.00_perceptionrad_1.50_maxspeed_3.00_20260908_013309_layout_06.json,1.5,3.0,20260908_013309_layout_06,1.5,-0.25,0.25,1.0,7.117000102996826,7.333000183105469,30.700000762939453,2,2,2,6,timeout
type_flocking_randommovement_0.00_perceptionrad_1.50_maxspeed_3.00_20260908_013309_layout_07.json,1.5,3.0,20260908_013309_layout_07,1.5,-0.25,0.25,1.0,6.732999801635742,6.900000095367432,30.700000762939453,3,3,3,5,timeout
type_flocking_randommovement_0.00_perceptionrad_1.50_maxspeed_3.00_20260908_013309_layout_08.json,1.5,3.0,20260908_013309_layout_08,1.5,-0.25,0.25,1.0,6.7170000076293945,6.882999897003174,30.700000762939453,2,2,2,6,timeout
type_flocking_randommovement_0.00_perceptionrad_1.50_maxspeed_3.00_20260908_013309_layout_09.json,1.5,3.0,20260908_013309_layout_09,1.5,-0.25,0.25,1.0,6.900000095367432,7.083000183105469,30.700000762939453,5,4,3,3,timeout
type_flocking_randommovement_0.00_perceptionrad_1.50_maxspeed_3.00_20260908_013309_layout_10.json,1.5,3.0,20260908_013309_layout_10,1.5,-0.25,0.25,1.0,6.783999919891357,6.9670000076293945,30.700000762939453,3,3,3,6,timeout
type_flocking_randommovement_0.00_perceptionrad_1.50_maxspeed_3.00_20260908_013309_layout_11.json,1.5,3.0,20260908_013309_layout_11,1.5,-0.25,0.25,1.0,6.75,6.916999816894531,30.700000762939453,4,4,4,8,timeout
type_flocking_randommovement_0.00_perceptionrad_1.50_maxspeed_3.00_20260908_013309_layout_12.json,1.5,3.0,20260908_013309_layout_12,1.5,-0.25,0.25,1.0,6.882999897003174,7.066999912261963,30.700000762939453,1,3,2,3,timeout
type_flocking_randommovement_0.00_perceptionrad_1.50_maxspeed_3.00_20260908_013309_layout_13.json,1.5,3.0,20260908_013309_layout_13,1.5,-0.25,0.25,1.0,6.767000198364258,6.934000015258789,30.700000762939453,2,2,2,5,timeout
type_flocking_randommovement_0.00_perceptionrad_1.50_maxspeed_3.00_20260908_013309_layout_14.json,1.5,3.0,20260908_013309_layout_14,1.5,-0.25,0.25,1.0,7.065999984741211,7.232999801635742,30.700000762939453,5,5,6,5,timeout
type_flocking_randommovement_0.00_perceptionrad_1.50_maxspeed_3.00_20260908_013309_layout_15.json,1.5,3.0,20260908_013309_layout_15,1.5,-0.25,0.25,1.0,6.949999809265137,7.132999897003174,30.700000762939453,4,4,4,4,timeout
type_flocking_randommovement_0.00_perceptionrad_1.50_maxspeed_3.00_20260908_013309_layout_16.json,1.5,3.0,20260908_013309_layout_16,1.5,-0.25,0.25,1.0,6.699999809265137,6.867000102996826,30.700000762939453,4,2,2,8,timeout
type_flocking_randommovement_0.00_perceptionrad_1.50_maxspeed_3.00_20260908_013309_layout_17.json,1.5,3.0,20260908_013309_layout_17,1.5,-0.25,0.25,1.0,6.566999912261963,6.732999801635742,30.700000762939453,3,3,3,6,timeout
type_flocking_randommovement_0.00_perceptionrad_1.50_maxspeed_3.00_20260908_013309_layout_18.json,1.5,3.0,20260908_013309_layout_18,1.5,-0.25,0.25,1.0,6.583000183105469,6.75,30.700000762939453,4,3,3,5,timeout
type_flocking_randommovement_0.00_perceptionrad_1.50_maxspeed_3.00_20260908_013309_layout_19.json,1.5,3.0,20260908_013309_layout_19,1.5,-0.25,0.25,1.0,7.083000183105469,7.25,30.700000762939453,3,5,5,4,timeout
type_flocking_randommovement_0.00_perceptionrad_1.50_maxspeed_3.00_20260908_013309_layout_20.json,1.5,3.0,20260908_013309_layout_20,1.5,-0.25,0.25,1.0,6.9670000076293945,7.132999897003174,30.700000762939453,2,3,2,4,timeout
type_flocking_randommovement_0.00_perceptionrad_1.50_maxspeed_3.00_20260908_013309_layout_21.json,1.5,3.0,20260908_013309_layout_21,1.5,-0.25,0.25,1.0,6.833000183105469,7.0,30.700000762939453,5,5,5,6,timeout
type_flocking_randommovement_0.00_perceptionrad_1.50_maxspeed_3.00_20260908_013309_layout_22.json,1.5,3.0,20260908_013309_layout_22,1.5,-0.25,0.25,1.0,6.716000080108643,6.882999897003174,30.700000762939453,1,2,2,12,timeout
type_flocking_randommovement_0.00_perceptionrad_1.50_maxspeed_3.00_20260908_013309_layout_23.json,1.5,3.0,20260908_013309_layout_23,1.5,-0.25,0.25,1.0,6.767000198364258,6.933000087738037,30.700000762939453,2,4,4,9,timeout
type_flocking_randommovement_0.00_perceptionrad_1.50_maxspeed_3.00_20260908_013309_layout_24.json,1.5,3.0,20260908_013309_layout_24,1.5,-0.25,0.25,1.0,6.867000102996826,7.0329999923706055,30.700000762939453,3,5,5,9,timeout
type_flocking_randommovement_0.00_perceptionrad_1.50_maxspeed_3.00_20260908_013309_layout_25.json,1.5,3.0,20260908_013309_layout_25,1.5,-0.25,0.25,1.0,7.066999912261963,7.300000190734863,30.700000762939453,3,3,3,3,timeout
type_flocking_randommovement_0.00_perceptionrad_1.50_maxspeed_3.00_20260908_013309_layout_26.json,1.5,3.0,20260908_013309_layout_26,1.5,-0.25,0.25,1.0,6.716000080108643,6.882999897003174,30.700000762939453,3,4,6,2,timeout
type_flocking_randommovement_0.00_perceptionrad_1.50_maxspeed_3.00_20260908_013309_layout_27.json,1.5,3.0,20260908_013309_layout_27,1.5,-0.25,0.25,1.0,6.732999801635742,6.900000095367432,30.700000762939453,4,4,4,7,timeout
type_flocking_randommovement_0.00_perceptionrad_1.50_maxspeed_3.00_20260908_013309_layout_28.json,1.5,3.0,20260908_013309_layout_28,1.5,-0.25,0.25,1.0,6.684000015258789,6.882999897003174,30.700000762939453,4,4,4,8,timeout
type_flocking_randommovement_0.00_perceptionrad_1.50_maxspeed_3.00_20260908_013309_layout_29.json,1.5,3.0,20260908_013309_layout_29,1.5,-0.25,0.25,1.0,6.565999984741211,6.732999801635742,30.700000762939453,3,3,3,10,timeout
type_flocking_randommovement_0.00_perceptionrad_1.50_maxspeed_3.00_20260908_013309_layout_30.json,1.5,3.0,20260908_013309_layout_30,1.5,-0.25,0.25,1.0,6.767000198364258,6.949999809265137,30.700000762939453,3,2,2,9,timeout
type_flocking_randommovement_0.00_perceptionrad_1.50_maxspeed_3.00_20260908_013309_layout_31.json,1.5,3.0,20260908_013309_layout_31,1.5,-0.25,0.25,1.0,6.949999809265137,7.117000102996826,30.700000762939453,3,4,4,7,timeout
type_flocking_randommovement_0.00_perceptionrad_1.50_maxspeed_3.00_20260908_013309_layout_32.json,1.5,3.0,20260908_013309_layout_32,1.5,-0.25,0.25,1.0,6.783999919891357,6.9670000076293945,30.700000762939453,4,3,3,8,timeout
type_flocking_randommovement_0.00_perceptionrad_1.50_maxspeed_3.00_20260908_013309_layout_33.json,1.5,3.0,20260908_013309_layout_33,1.5,-0.25,0.25,1.0,6.815999984741211,7.017000198364258,30.700000762939453,7,3,3,5,timeout
type_flocking_randommovement_0.00_perceptionrad_1.50_maxspeed_3.00_20260908_013309_layout_34.json,1.5,3.0,20260908_013309_layout_34,1.5,-0.25,0.25,1.0,6.882999897003174,7.050000190734863,30.700000762939453,2,3,3,8,timeout
type_flocking_randommovement_0.00_perceptionrad_1.50_maxspeed_3.00_20260908_013309_layout_35.json,1.5,3.0,20260908_013309_layout_35,1.5,-0.25,0.25,1.0,6.666999816894531,6.833000183105469,16.283000946044922,2,5,5,4,goal-area
type_flocking_randommovement_0.00_perceptionrad_1.50_maxspeed_3.00_20260908_013309_layout_36.json,1.5,3.0,20260908_013309_layout_36,1.5,-0.25,0.25,1.0,11.666999816894531,11.850000381469727,30.700000762939453,4,6,6,5,timeout
type_flocking_randommovement_0.00_perceptionrad_1.50_maxspeed_3.00_20260908_013309_layout_37.json,1.5,3.0,20260908_013309_layout_37,1.5,-0.25,0.25,1.0,6.800000190734863,6.982999801635742,30.700000762939453,3,2,2,5,timeout
type_flocking_randommovement_0.00_perceptionrad_1.50_maxspeed_3.00_20260908_013309_layout_38.json,1.5,3.0,20260908_013309_layout_38,1.5,-0.25,0.25,1.0,6.699999809265137,6.867000102996826,30.700000762939453,5,3,3,8,timeout
type_flocking_randommovement_0.00_perceptionrad_1.50_maxspeed_3.00_20260908_013309_layout_39.json,1.5,3.0,20260908_013309_layout_39,1.5,-0.25,0.25,1.0,6.833000183105469,7.0,30.700000762939453,1,2,2,6,timeout
type_flocking_randommovement_0.00_perceptionrad_1.80_maxspeed_1.50_20260908_013309_layout_00.json,1.8,1.5,20260908_013309_layout_00,1.5,-0.25,0.25,1.0,13.067000389099121,13.434000015258789,30.700000762939453,2,3,3,3,timeout
type_flocking_randommovement_0.00_perceptionrad_1.80_maxspeed_1.50_20260908_013309_layout_01.json,1.8,1.5,20260908_013309_layout_01,1.5,-0.25,0.25,1.0,13.100000381469727,13.449999809265137,30.700000762939453,3,3,3,2,timeout
type_flocking_randommovement_0.00_perceptionrad_1.80_maxspeed_1.50_20260908_013309_layout_02.json,1.8,1.5,20260908_013309_layout_02,1.5,-0.25,0.25,1.0,13.616999626159668,13.949999809265137,30.700000762939453,4,2,2,2,timeout
type_flocking_randommovement_0.00_perceptionrad_1.80_maxspeed_1.50_20260908_013309_layout_03.json,1.8,1.5,20260908_013309_layout_03,1.5,-0.25,0.25,1.0,13.383000373840332,13.717000007629395,30.700000762939453,3,3,3,3,timeout
type_flocking_randommovement_0.00_perceptionrad_1.80_maxspeed_1.50_20260908_013309_layout_04.json,1.8,1.5,20260908_013309_layout_04,1.5,-0.25,0.25,1.0,12.833999633789062,13.166999816894531,30.68400001525879,3,3,3,4,goal-area
type_flocking_randommovement_0.00_perceptionrad_1.80_maxspeed_1.50_20260908_013309_layout_05.json,1.8,1.5,20260908_013309_layout_05,1.5,-0.25,0.25,1.0,13.267000198364258,13.600000381469727,30.700000762939453,3,3,3,3,timeout
type_flocking_randommovement_0.00_perceptionrad_1.80_maxspeed_1.50_20260908_013309_layout_06.json,1.8,1.5,20260908_013309_layout_06,1.5,-0.25,0.25,1.0,14.0,14.399999618530273,30.700000762939453,2,1,2,3,timeout
type_flocking_randommovement_0.00_perceptionrad_1.80_maxspeed_1.50_20260908_013309_layout_07.json,1.8,1.5,20260908_013309_layout_07,1.5,-0.25,0.25,1.0,13.217000007629395,13.550000190734863,30.700000762939453,3,3,3,3,timeout
type_flocking_randommovement_0.00_perceptionrad_1.80_maxspeed_1.50_20260908_013309_layout_08.json,1.8,1.5,20260908_013309_layout_08,1.5,-0.25,0.25,1.0,13.333999633789062,13.666999816894531,30.700000762939453,2,2,2,3,timeout
type_flocking_randommovement_0.00_perceptionrad_1.80_maxspeed_1.50_20260908_013309_layout_09.json,1.8,1.5,20260908_013309_layout_09,1.5,-0.25,0.25,1.0,13.184000015258789,13.517000198364258,30.700000762939453,4,2,2,5,timeout
type_flocking_randommovement_0.00_perceptionrad_1.80_maxspeed_1.50_20260908_013309_layout_10.json,1.8,1.5,20260908_013309_layout_10,1.5,-0.25,0.25,1.0,13.682999610900879,14.050000190734863,30.700000762939453,4,5,5,3,timeout
type_flocking_randommovement_0.00_perceptionrad_1.80_maxspeed_1.50_20260908_013309_layout_11.json,1.8,1.5,20260908_013309_layout_11,1.5,-0.25,0.25,1.0,13.267000198364258,13.600000381469727,30.700000762939453,5,4,4,4,timeout
type_flocking_randommovement_0.00_perceptionrad_1.80_maxspeed_1.50_20260908_013309_layout_12.json,1.8,1.5,20260908_013309_layout_12,1.5,-0.25,0.25,1.0,13.517000198364258,13.899999618530273,30.700000762939453,2,2,2,3,timeout
type_flocking_randommovement_0.00_perceptionrad_1.80_maxspeed_1.50_20260908_013309_layout_13.json,1.8,1.5,20260908_013309_layout_13,1.5,-0.25,0.25,1.0,13.25,13.600000381469727,30.700000762939453,2,3,3,5,timeout
type_flocking_randommovement_0.00_perceptionrad_1.80_maxspeed_1.50_20260908_013309_layout_14.json,1.8,1.5,20260908_013309_layout_14,1.5,-0.25,0.25,1.0,13.916999816894531,14.25,30.700000762939453,5,3,3,5,timeout
type_flocking_randommovement_0.00_perceptionrad_1.80_maxspeed_1.50_20260908_013309_layout_15.json,1.8,1.5,20260908_013309_layout_15,1.5,-0.25,0.25,1.0,13.949999809265137,14.449999809265137,30.700000762939453,4,3,3,3,timeout
type_flocking_randommovement_0.00_perceptionrad_1.80_maxspeed_1.50_20260908_013309_layout_16.json,1.8,1.5,20260908_013309_layout_16,1.5,-0.25,0.25,1.0,12.949999809265137,13.284000396728516,30.450000762939453,2,2,2,2,goal-area
type_flocking_randommovement_0.00_perceptionrad_1.80_maxspeed_1.50_20260908_013309_layout_17.json,1.8,1.5,20260908_013309_layout_17,1.5,-0.25,0.25,1.0,13.017000198364258,13.350000381469727,30.700000762939453,3,2,2,2,timeout
type_flocking_randommovement_0.00_perceptionrad_1.80_maxspeed_1.50_20260908_013309_layout_18.json,1.8,1.5,20260908_013309_layout_18,1.5,-0.25,0.25,1.0,14.0,14.432999610900879,30.700000762939453,3,1,1,3,timeout
type_flocking_randommovement_0.00_perceptionrad_1.80_maxspeed_1.50_20260908_013309_layout_19.json,1.8,1.5,20260908_013309_layout_19,1.5,-0.25,0.25,1.0,13.866999626159668,14.217000007629395,30.700000762939453,3,2,2,3,timeout
type_flocking_randommovement_0.00_perceptionrad_1.80_maxspeed_1.50_20260908_013309_layout_20.json,1.8,1.5,20260908_013309_layout_20,1.5,-0.25,0.25,1.0,13.284000396728516,13.616999626159668,30.700000762939453,2,2,2,3,timeout
type_flocking_randommovement_0.00_perceptionrad_1.80_maxspeed_1.50_20260908_013309_layout_21.json,1.8,1.5,20260908_013309_layout_21,1.5,-0.25,0.25,1.0,13.482999801635742,13.815999984741211,30.700000762939453,5,3,3,3,timeout
type_flocking_randommovement_0.00_perceptionrad_1.80_maxspeed_1.50_20260908_013309_layout_22.json,1.8,1.5,20260908_013309_layout_22,1.5,-0.25,0.25,1.0,13.25,13.600000381469727,30.700000762939453,2,3,3,3,timeout
type_flocking_randommovement_0.00_perceptionrad_1.80_maxspeed_1.50_20260908_013309_layout_23.json,1.8,1.5,20260908_013309_layout_23,1.5,-0.25,0.25,1.0,13.25,13.583999633789062,30.700000762939453,3,3,3,2,timeout
type_flocking_randommovement_0.00_perceptionrad_1.80_maxspeed_1.50_20260908_013309_layout_24.json,1.8,1.5,20260908_013309_layout_24,1.5,-0.25,0.25,1.0,13.034000396728516,13.399999618530273,30.701000213623047,4,4,4,4,timeout
type_flocking_randommovement_0.00_perceptionrad_1.80_maxspeed_1.50_20260908_013309_layout_25.json,1.8,1.5,20260908_013309_layout_25,1.5,-0.25,0.25,1.0,14.032999992370605,14.434000015258789,30.700000762939453,4,3,5,5,timeout
type_flocking_randommovement_0.00_perceptionrad_1.80_maxspeed_1.50_20260908_013309_layout_26.json,1.8,1.5,20260908_013309_layout_26,1.5,-0.25,0.25,1.0,13.199999809265137,13.550000190734863,30.700000762939453,3,2,2,3,timeout
type_flocking_randommovement_0.00_perceptionrad_1.80_maxspeed_1.50_20260908_013309_layout_27.json,1.8,1.5,20260908_013309_layout_27,1.5,-0.25,0.25,1.0,13.232999801635742,13.583000183105469,30.700000762939453,4,3,3,3,timeout
type_flocking_randommovement_0.00_perceptionrad_1.80_maxspeed_1.50_20260908_013309_layout_28.json,1.8,1.5,20260908_013309_layout_28,1.5,-0.25,0.25,1.0,13.083999633789062,13.434000015258789,30.700000762939453,5,3,3,2,timeout
type_flocking_randommovement_0.00_perceptionrad_1.80_maxspeed_1.50_20260908_013309_layout_29.json,1.8,1.5,20260908_013309_layout_29,1.5,-0.25,0.25,1.0,12.684000015258789,13.017000198364258,30.583999633789062,3,2,2,2,goal-area
type_flocking_randommovement_0.00_perceptionrad_1.80_maxspeed_1.50_20260908_013309_layout_30.json,1.8,1.5,20260908_013309_layout_30,1.5,-0.25,0.25,1.0,13.666999816894531,14.0,30.700000762939453,3,2,2,2,timeout
type_flocking_randommovement_0.00_perceptionrad_1.80_maxspeed_1.50_20260908_013309_layout_31.json,1.8,1.5,20260908_013309_layout_31,1.5,-0.25,0.25,1.0,13.732999801635742,14.065999984741211,30.700000762939453,4,3,3,3,timeout
type_flocking_randommovement_0.00_perceptionrad_1.80_maxspeed_1.50_20260908_013309_layout_32.json,1.8,1.5,20260908_013309_layout_32,1.5,-0.25,0.25,1.0,13.017000198364258,13.366999626159668,30.700000762939453,2,2,2,2,timeout
type_flocking_randommovement_0.00_perceptionrad_1.80_maxspeed_1.50_20260908_013309_layout_33.json,1.8,1.5,20260908_013309_layout_33,1.5,-0.25,0.25,1.0,13.284000396728516,13.633999824523926,30.700000762939453,2,3,3,3,timeout
type_flocking_randommovement_0.00_perceptionrad_1.80_maxspeed_1.50_20260908_013309_layout_34.json,1.8,1.5,20260908_013309_layout_34,1.5,-0.25,0.25,1.0,13.616000175476074,13.949000358581543,30.698999404907227,3,3,3,3,timeout
type_flocking_randommovement_0.00_perceptionrad_1.80_maxspeed_1.50_20260908_013309_layout_35.json,1.8,1.5,20260908_013309_layout_35,1.5,-0.25,0.25,1.0,13.366000175476074,13.699999809265137,30.700000762939453,3,3,3,4,timeout
type_flocking_randommovement_0.00_perceptionrad_1.80_maxspeed_1.50_20260908_013309_layout_36.json,1.8,1.5,20260908_013309_layout_36,1.5,-0.25,0.25,1.0,15.633000373840332,16.115999221801758,30.700000762939453,5,2,2,2,timeout
type_flocking_randommovement_0.00_perceptionrad_1.80_maxspeed_1.50_20260908_013309_layout_37.json,1.8,1.5,20260908_013309_layout_37,1.5,-0.25,0.25,1.0,13.116000175476074,13.467000007629395,30.700000762939453,3,2,2,2,timeout
type_flocking_randommovement_0.00_perceptionrad_1.80_maxspeed_1.50_20260908_013309_layout_38.json,1.8,1.5,20260908_013309_layout_38,1.5,-0.25,0.25,1.0,13.083000183105469,13.416999816894531,30.700000762939453,5,2,2,2,timeout
type_flocking_randommovement_0.00_perceptionrad_1.80_maxspeed_1.50_20260908_013309_layout_39.json,1.8,1.5,20260908_013309_layout_39,1.5,-0.25,0.25,1.0,13.317000389099121,13.699999809265137,30.700000762939453,2,1,3,3,timeout
type_flocking_randommovement_0.00_perceptionrad_1.80_maxspeed_3.00_20260908_013309_layout_00.json,1.8,3.0,20260908_013309_layout_00,1.5,-0.25,0.25,1.0,6.934000015258789,7.117000102996826,30.700000762939453,2,3,3,5,timeout
type_flocking_randommovement_0.00_perceptionrad_1.80_maxspeed_3.00_20260908_013309_layout_01.json,1.8,3.0,20260908_013309_layout_01,1.5,-0.25,0.25,1.0,6.866000175476074,7.065999984741211,30.698999404907227,3,2,2,5,timeout
type_flocking_randommovement_0.00_perceptionrad_1.80_maxspeed_3.00_20260908_013309_layout_02.json,1.8,3.0,20260908_013309_layout_02,1.5,-0.25,0.25,1.0,6.915999889373779,7.083000183105469,30.698999404907227,4,3,2,6,timeout
type_flocking_randommovement_0.00_perceptionrad_1.80_maxspeed_3.00_20260908_013309_layout_03.json,1.8,3.0,20260908_013309_layout_03,1.5,-0.25,0.25,1.0,6.882999897003174,7.065999984741211,30.700000762939453,3,3,3,5,timeout
type_flocking_randommovement_0.00_perceptionrad_1.80_maxspeed_3.00_20260908_013309_layout_04.json,1.8,3.0,20260908_013309_layout_04,1.5,-0.25,0.25,1.0,6.732999801635742,6.916999816894531,30.700000762939453,3,3,3,10,timeout
type_flocking_randommovement_0.00_perceptionrad_1.80_maxspeed_3.00_20260908_013309_layout_05.json,1.8,3.0,20260908_013309_layout_05,1.5,-0.25,0.25,1.0,6.815999984741211,6.982999801635742,30.700000762939453,1,2,2,6,timeout
type_flocking_randommovement_0.00_perceptionrad_1.80_maxspeed_3.00_20260908_013309_layout_06.json,1.8,3.0,20260908_013309_layout_06,1.5,-0.25,0.25,1.0,6.9670000076293945,7.150000095367432,30.700000762939453,2,2,1,4,timeout
type_flocking_randommovement_0.00_perceptionrad_1.80_maxspeed_3.00_20260908_013309_layout_07.json,1.8,3.0,20260908_013309_layout_07,1.5,-0.25,0.25,1.0,6.732999801635742,6.900000095367432,30.700000762939453,3,3,3,1,timeout
type_flocking_randommovement_0.00_perceptionrad_1.80_maxspeed_3.00_20260908_013309_layout_08.json,1.8,3.0,20260908_013309_layout_08,1.5,-0.25,0.25,1.0,6.7170000076293945,6.883999824523926,30.700000762939453,2,2,3,11,timeout
type_flocking_randommovement_0.00_perceptionrad_1.80_maxspeed_3.00_20260908_013309_layout_09.json,1.8,3.0,20260908_013309_layout_09,1.5,-0.25,0.25,1.0,7.0329999923706055,7.198999881744385,30.698999404907227,4,2,2,4,timeout
type_flocking_randommovement_0.00_perceptionrad_1.80_maxspeed_3.00_20260908_013309_layout_10.json,1.8,3.0,20260908_013309_layout_10,1.5,-0.25,0.25,1.0,6.767000198364258,6.933000087738037,30.700000762939453,3,5,5,4,timeout
type_flocking_randommovement_0.00_perceptionrad_1.80_maxspeed_3.00_20260908_013309_layout_11.json,1.8,3.0,20260908_013309_layout_11,1.5,-0.25,0.25,1.0,6.767000198364258,6.934000015258789,30.700000762939453,5,2,3,2,timeout
type_flocking_randommovement_0.00_perceptionrad_1.80_maxspeed_3.00_20260908_013309_layout_12.json,1.8,3.0,20260908_013309_layout_12,1.5,-0.25,0.25,1.0,6.883999824523926,7.050000190734863,30.700000762939453,2,2,2,9,timeout
type_flocking_randommovement_0.00_perceptionrad_1.80_maxspeed_3.00_20260908_013309_layout_13.json,1.8,3.0,20260908_013309_layout_13,1.5,-0.25,0.25,1.0,6.767000198364258,6.934000015258789,30.700000762939453,2,3,3,7,timeout
type_flocking_randommovement_0.00_perceptionrad_1.80_maxspeed_3.00_20260908_013309_layout_14.json,1.8,3.0,20260908_013309_layout_14,1.5,-0.25,0.25,1.0,7.10099983215332,7.267000198364258,30.700000762939453,5,3,3,8,timeout
type_flocking_randommovement_0.00_perceptionrad_1.80_maxspeed_3.00_20260908_013309_layout_15.json,1.8,3.0,20260908_013309_layout_15,1.5,-0.25,0.25,1.0,7.7170000076293945,8.149999618530273,30.700000762939453,4,3,4,6,timeout
type_flocking_randommovement_0.00_perceptionrad_1.80_maxspeed_3.00_20260908_013309_layout_16.json,1.8,3.0,20260908_013309_layout_16,1.5,-0.25,0.25,1.0,6.632999897003174,6.800000190734863,16.08300018310547,2,2,2,2,goal-area
type_flocking_randommovement_0.00_perceptionrad_1.80_maxspeed_3.00_20260908_013309_layout_17.json,1.8,3.0,20260908_013309_layout_17,1.5,-0.25,0.25,1.0,6.584000110626221,6.75,30.700000762939453,2,2,2,6,timeout
type_flocking_randommovement_0.00_perceptionrad_1.80_maxspeed_3.00_20260908_013309_layout_18.json,1.8,3.0,20260908_013309_layout_18,1.5,-0.25,0.25,1.0,6.666999816894531,6.834000110626221,30.700000762939453,3,2,2,6,timeout
type_flocking_randommovement_0.00_perceptionrad_1.80_maxspeed_3.00_20260908_013309_layout_19.json,1.8,3.0,20260908_013309_layout_19,1.5,-0.25,0.25,1.0,6.949999809265137,7.133999824523926,30.700000762939453,3,3,3,4,timeout
type_flocking_randommovement_0.00_perceptionrad_1.80_maxspeed_3.00_20260908_013309_layout_20.json,1.8,3.0,20260908_013309_layout_20,1.5,-0.25,0.25,1.0,6.849999904632568,7.017000198364258,30.698999404907227,2,2,2,2,timeout
type_flocking_randommovement_0.00_perceptionrad_1.80_maxspeed_3.00_20260908_013309_layout_21.json,1.8,3.0,20260908_013309_layout_21,1.5,-0.25,0.25,1.0,6.815999984741211,6.982999801635742,30.700000762939453,3,3,3,4,timeout
type_flocking_randommovement_0.00_perceptionrad_1.80_maxspeed_3.00_20260908_013309_layout_22.json,1.8,3.0,20260908_013309_layout_22,1.5,-0.25,0.25,1.0,6.684000015258789,6.866000175476074,16.365999221801758,3,2,2,2,goal-area
type_flocking_randommovement_0.00_perceptionrad_1.80_maxspeed_3.00_20260908_013309_layout_23.json,1.8,3.0,20260908_013309_layout_23,1.5,-0.25,0.25,1.0,6.75,6.915999889373779,30.698999404907227,3,3,3,5,timeout
type_flocking_randommovement_0.00_perceptionrad_1.80_maxspeed_3.00_20260908_013309_layout_24.json,1.8,3.0,20260908_013309_layout_24,1.5,-0.25,0.25,1.0,6.75,6.9670000076293945,30.700000762939453,4,4,4,3,timeout
type_flocking_randommovement_0.00_perceptionrad_1.80_maxspeed_3.00_20260908_013309_layout_25.json,1.8,3.0,20260908_013309_layout_25,1.5,-0.25,0.25,1.0,8.815999984741211,9.065999984741211,30.700000762939453,4,4,4,8,timeout
type_flocking_randommovement_0.00_perceptionrad_1.80_maxspeed_3.00_20260908_013309_layout_26.json,1.8,3.0,20260908_013309_layout_26,1.5,-0.25,0.25,1.0,6.7170000076293945,6.900000095367432,30.700000762939453,3,2,2,9,timeout
type_flocking_randommovement_0.00_perceptionrad_1.80_maxspeed_3.00_20260908_013309_layout_27.json,1.8,3.0,20260908_013309_layout_27,1.5,-0.25,0.25,1.0,6.75,6.934000015258789,30.700000762939453,4,3,3,5,timeout
type_flocking_randommovement_0.00_perceptionrad_1.80_maxspeed_3.00_20260908_013309_layout_28.json,1.8,3.0,20260908_013309_layout_28,1.5,-0.25,0.25,1.0,6.699999809265137,6.867000102996826,30.700000762939453,4,3,3,4,timeout
type_flocking_randommovement_0.00_perceptionrad_1.80_maxspeed_3.00_20260908_013309_layout_29.json,1.8,3.0,20260908_013309_layout_29,1.5,-0.25,0.25,1.0,6.584000110626221,6.76800012588501,16.134000778198242,2,2,2,2,goal-area
type_flocking_randommovement_0.00_perceptionrad_1.80_maxspeed_3.00_20260908_013309_layout_30.json,1.8,3.0,20260908_013309_layout_30,1.5,-0.25,0.25,1.0,6.9670000076293945,7.133999824523926,30.700000762939453,3,2,2,5,timeout
type_flocking_randommovement_0.00_perceptionrad_1.80_maxspeed_3.00_20260908_013309_layout_31.json,1.8,3.0,20260908_013309_layout_31,1.5,-0.25,0.25,1.0,6.949999809265137,7.117000102996826,30.700000762939453,4,3,3,4,timeout
type_flocking_randommovement_0.00_perceptionrad_1.80_maxspeed_3.00_20260908_013309_layout_32.json,1.8,3.0,20260908_013309_layout_32,1.5,-0.25,0.25,1.0,6.632999897003174,6.815999984741211,30.698999404907227,2,2,2,3,timeout
type_flocking_randommovement_0.00_perceptionrad_1.80_maxspeed_3.00_20260908_013309_layout_33.json,1.8,3.0,20260908_013309_layout_33,1.5,-0.25,0.25,1.0,6.833000183105469,7.0,30.700000762939453,2,1,1,6,timeout
type_flocking_randommovement_0.00_perceptionrad_1.80_maxspeed_3.00_20260908_013309_layout_34.json,1.8,3.0,20260908_013309_layout_34,1.5,-0.25,0.25,1.0,6.882999897003174,7.050000190734863,30.700000762939453,3,2,2,4,timeout
type_flocking_randommovement_0.00_perceptionrad_1.80_maxspeed_3.00_20260908_013309_layout_35.json,1.8,3.0,20260908_013309_layout_35,1.5,-0.25,0.25,1.0,6.7170000076293945,6.883999824523926,30.700000762939453,3,2,2,5,timeout
type_flocking_randommovement_0.00_perceptionrad_1.80_maxspeed_3.00_20260908_013309_layout_36.json,1.8,3.0,20260908_013309_layout_36,1.5,-0.25,0.25,1.0,12.267000198364258,12.434000015258789,30.700000762939453,2,6,6,6,timeout
type_flocking_randommovement_0.00_perceptionrad_1.80_maxspeed_3.00_20260908_013309_layout_37.json,1.8,3.0,20260908_013309_layout_37,1.5,-0.25,0.25,1.0,6.7829999923706055,6.949999809265137,30.700000762939453,1,2,2,7,timeout
type_flocking_randommovement_0.00_perceptionrad_1.80_maxspeed_3.00_20260908_013309_layout_38.json,1.8,3.0,20260908_013309_layout_38,1.5,-0.25,0.25,1.0,6.699999809265137,6.867000102996826,30.700000762939453,2,2,2,8,timeout
type_flocking_randommovement_0.00_perceptionrad_1.80_maxspeed_3.00_20260908_013309_layout_39.json,1.8,3.0,20260908_013309_layout_39,1.5,-0.25,0.25,1.0,6.833000183105469,7.0,30.698999404907227,1,3,3,9,timeout
type_flocking_randommovement_0.00_perceptionrad_2.00_maxspeed_1.50_20260908_013309_layout_00.json,2.0,1.5,20260908_013309_layout_00,1.5,-0.25,0.25,1.0,12.982999801635742,13.333000183105469,30.683000564575195,2,3,3,3,goal-area
type_flocking_randommovement_0.00_perceptionrad_2.00_maxspeed_1.50_20260908_013309_layout_01.json,2.0,1.5,20260908_013309_layout_01,1.5,-0.25,0.25,1.0,13.350000381469727,13.699999809265137,30.700000762939453,4,3,3,3,timeout
type_flocking_randommovement_0.00_perceptionrad_2.00_maxspeed_1.50_20260908_013309_layout_02.json,2.0,1.5,20260908_013309_layout_02,1.5,-0.25,0.25,1.0,13.64900016784668,13.982999801635742,30.700000762939453,6,3,3,3,timeout
type_flocking_randommovement_0.00_perceptionrad_2.00_maxspeed_1.50_20260908_013309_layout_03.json,2.0,1.5,20260908_013309_layout_03,1.5,-0.25,0.25,1.0,13.315999984741211,13.666999816894531,30.700000762939453,2,3,3,2,timeout
type_flocking_randommovement_0.00_perceptionrad_2.00_maxspeed_1.50_20260908_013309_layout_04.json,2.0,1.5,20260908_013309_layout_04,1.5,-0.25,0.25,1.0,12.949999809265137,13.282999992370605,30.700000762939453,4,2,2,2,timeout
type_flocking_randommovement_0.00_perceptionrad_2.00_maxspeed_1.50_20260908_013309_layout_05.json,2.0,1.5,20260908_013309_layout_05,1.5,-0.25,0.25,1.0,13.800000190734863,14.166999816894531,30.700000762939453,1,1,1,2,timeout
type_flocking_randommovement_0.00_perceptionrad_2.00_maxspeed_1.50_20260908_013309_layout_06.json,2.0,1.5,20260908_013309_layout_06,1.5,-0.25,0.25,1.0,14.0,14.416999816894531,30.700000762939453,2,2,2,2,timeout
type_flocking_randommovement_0.00_perceptionrad_2.00_maxspeed_1.50_20260908_013309_layout_07.json,2.0,1.5,20260908_013309_layout_07,1.5,-0.25,0.25,1.0,13.215999603271484,13.565999984741211,30.698999404907227,3,3,3,3,timeout
type_flocking_randommovement_0.00_perceptionrad_2.00_maxspeed_1.50_20260908_013309_layout_08.json,2.0,1.5,20260908_013309_layout_08,1.5,-0.25,0.25,1.0,13.315999984741211,13.666000366210938,30.698999404907227,2,2,2,2,timeout
type_flocking_randommovement_0.00_perceptionrad_2.00_maxspeed_1.50_20260908_013309_layout_09.json,2.0,1.5,20260908_013309_layout_09,1.5,-0.25,0.25,1.0,15.25,15.616000175476074,30.700000762939453,3,2,2,2,timeout
type_flocking_randommovement_0.00_perceptionrad_2.00_maxspeed_1.50_20260908_013309_layout_10.json,2.0,1.5,20260908_013309_layout_10,1.5,-0.25,0.25,1.0,13.149999618530273,13.5,30.700000762939453,3,3,3,1,timeout
type_flocking_randommovement_0.00_perceptionrad_2.00_maxspeed_1.50_20260908_013309_layout_11.json,2.0,1.5,20260908_013309_layout_11,1.5,-0.25,0.25,1.0,13.383999824523926,13.717000007629395,30.700000762939453,5,2,2,2,timeout
type_flocking_randommovement_0.00_perceptionrad_2.00_maxspeed_1.50_20260908_013309_layout_12.json,2.0,1.5,20260908_013309_layout_12,1.5,-0.25,0.25,1.0,13.050000190734863,13.383999824523926,30.700000762939453,2,2,2,2,timeout
type_flocking_randommovement_0.00_perceptionrad_2.00_maxspeed_1.50_20260908_013309_layout_13.json,2.0,1.5,20260908_013309_layout_13,1.5,-0.25,0.25,1.0,13.232999801635742,13.583999633789062,30.700000762939453,2,3,3,2,timeout
type_flocking_randommovement_0.00_perceptionrad_2.00_maxspeed_1.50_20260908_013309_layout_14.json,2.0,1.5,20260908_013309_layout_14,1.5,-0.25,0.25,1.0,13.883999824523926,14.284000396728516,30.700000762939453,5,3,3,3,timeout
type_flocking_randommovement_0.00_perceptionrad_2.00_maxspeed_1.50_20260908_013309_layout_15.json,2.0,1.5,20260908_013309_layout_15,1.5,-0.25,0.25,1.0,13.883000373840332,14.25,30.698999404907227,4,3,3,3,timeout
type_flocking_randommovement_0.00_perceptionrad_2.00_maxspeed_1.50_20260908_013309_layout_16.json,2.0,1.5,20260908_013309_layout_16,1.5,-0.25,0.25,1.0,12.967000007629395,13.300000190734863,30.533000946044922,4,2,2,2,goal-area
type_flocking_randommovement_0.00_perceptionrad_2.00_maxspeed_1.50_20260908_013309_layout_17.json,2.0,1.5,20260908_013309_layout_17,1.5,-0.25,0.25,1.0,12.75,13.10099983215332,30.700000762939453,2,2,2,2,timeout
type_flocking_randommovement_0.00_perceptionrad_2.00_maxspeed_1.50_20260908_013309_layout_18.json,2.0,1.5,20260908_013309_layout_18,1.5,-0.25,0.25,1.0,14.767000198364258,15.333999633789062,30.700000762939453,3,2,2,2,timeout
type_flocking_randommovement_0.00_perceptionrad_2.00_maxspeed_1.50_20260908_013309_layout_19.json,2.0,1.5,20260908_013309_layout_19,1.5,-0.25,0.25,1.0,14.383999824523926,14.732999801635742,30.700000762939453,3,2,2,2,timeout
type_flocking_randommovement_0.00_perceptionrad_2.00_maxspeed_1.50_20260908_013309_layout_20.json,2.0,1.5,20260908_013309_layout_20,1.5,-0.25,0.25,1.0,13.782999992370605,14.133000373840332,30.698999404907227,2,1,1,4,timeout
type_flocking_randommovement_0.00_perceptionrad_2.00_maxspeed_1.50_20260908_013309_layout_21.json,2.0,1.5,20260908_013309_layout_21,1.5,-0.25,0.25,1.0,13.850000381469727,14.25,30.700000762939453,6,1,1,3,timeout
type_flocking_randommovement_0.00_perceptionrad_2.00_maxspeed_1.50_20260908_013309_layout_22.json,2.0,1.5,20260908_013309_layout_22,1.5,-0.25,0.25,1.0,13.199999809265137,13.550000190734863,30.700000762939453,3,2,2,2,timeout
type_flocking_randommovement_0.00_perceptionrad_2.00_maxspeed_1.50_20260908_013309_layout_23.json,2.0,1.5,20260908_013309_layout_23,1.5,-0.25,0.25,1.0,13.300000190734863,13.649999618530273,30.700000762939453,5,3,3,3,timeout
type_flocking_randommovement_0.00_perceptionrad_2.00_maxspeed_1.50_20260908_013309_layout_24.json,2.0,1.5,20260908_013309_layout_24,1.5,-0.25,0.25,1.0,13.065999984741211,13.399999618530273,30.700000762939453,4,2,2,4,timeout
type_flocking_randommovement_0.00_perceptionrad_2.00_maxspeed_1.50_20260908_013309_layout_25.json,2.0,1.5,20260908_013309_layout_25,1.5,-0.25,0.25,1.0,15.583999633789062,15.916999816894531,30.700000762939453,4,3,3,4,timeout
type_flocking_randommovement_0.00_perceptionrad_2.00_maxspeed_1.50_20260908_013309_layout_26.json,2.0,1.5,20260908_013309_layout_26,1.5,-0.25,0.25,1.0,13.449999809265137,13.784000396728516,30.700000762939453,3,2,2,3,timeout
type_flocking_randommovement_0.00_perceptionrad_2.00_maxspeed_1.50_20260908_013309_layout_27.json,2.0,1.5,20260908_013309_layout_27,1.5,-0.25,0.25,1.0,13.14900016784668,13.482000350952148,30.698999404907227,4,2,2,2,timeout
type_flocking_randommovement_0.00_perceptionrad_2.00_maxspeed_1.50_20260908_013309_layout_28.json,2.0,1.5,20260908_013309_layout_28,1.5,-0.25,0.25,1.0,13.467000007629395,13.800000190734863,30.698999404907227,4,1,1,3,timeout
type_flocking_randommovement_0.00_perceptionrad_2.00_maxspeed_1.50_20260908_013309_layout_29.json,2.0,1.5,20260908_013309_layout_29,1.5,-0.25,0.25,1.0,12.699999809265137,13.032999992370605,30.5,3,2,2,2,goal-area
type_flocking_randommovement_0.00_perceptionrad_2.00_maxspeed_1.50_20260908_013309_layout_30.json,2.0,1.5,20260908_013309_layout_30,1.5,-0.25,0.25,1.0,13.934000015258789,14.282999992370605,30.700000762939453,3,2,2,3,timeout
type_flocking_randommovement_0.00_perceptionrad_2.00_maxspeed_1.50_20260908_013309_layout_31.json,2.0,1.5,20260908_013309_layout_31,1.5,-0.25,0.25,1.0,13.184000015258789,13.517000198364258,30.700000762939453,5,2,2,3,timeout
type_flocking_randommovement_0.00_perceptionrad_2.00_maxspeed_1.50_20260908_013309_layout_32.json,2.0,1.5,20260908_013309_layout_32,1.5,-0.25,0.25,1.0,16.051000595092773,16.551000595092773,30.700000762939453,3,2,2,2,timeout
type_flocking_randommovement_0.00_perceptionrad_2.00_maxspeed_1.50_20260908_013309_layout_33.json,2.0,1.5,20260908_013309_layout_33,1.5,-0.25,0.25,1.0,13.315999984741211,13.682999610900879,30.698999404907227,4,2,2,3,timeout
type_flocking_randommovement_0.00_perceptionrad_2.00_maxspeed_1.50_20260908_013309_layout_34.json,2.0,1.5,20260908_013309_layout_34,1.5,-0.25,0.25,1.0,13.467000007629395,13.815999984741211,30.698999404907227,4,2,2,2,timeout
type_flocking_randommovement_0.00_perceptionrad_2.00_maxspeed_1.50_20260908_013309_layout_35.json,2.0,1.5,20260908_013309_layout_35,1.5,-0.25,0.25,1.0,13.14900016784668,13.482999801635742,30.700000762939453,3,2,2,2,timeout
type_flocking_randommovement_0.00_perceptionrad_2.00_maxspeed_1.50_20260908_013309_layout_36.json,2.0,1.5,20260908_013309_layout_36,1.5,-0.25,0.25,1.0,15.083000183105469,15.532999992370605,30.700000762939453,2,2,2,3,timeout
type_flocking_randommovement_0.00_perceptionrad_2.00_maxspeed_1.50_20260908_013309_layout_37.json,2.0,1.5,20260908_013309_layout_37,1.5,-0.25,0.25,1.0,13.133999824523926,13.467000007629395,30.700000762939453,2,2,2,2,timeout
type_flocking_randommovement_0.00_perceptionrad_2.00_maxspeed_1.50_20260908_013309_layout_38.json,2.0,1.5,20260908_013309_layout_38,1.5,-0.25,0.25,1.0,13.116999626159668,13.449999809265137,30.700000762939453,4,2,2,3,timeout
type_flocking_randommovement_0.00_perceptionrad_2.00_maxspeed_1.50_20260908_013309_layout_39.json,2.0,1.5,20260908_013309_layout_39,1.5,-0.25,0.25,1.0,13.567000389099121,13.916999816894531,30.700000762939453,2,2,2,2,timeout
type_flocking_randommovement_0.00_perceptionrad_2.00_maxspeed_3.00_20260908_013309_layout_00.json,2.0,3.0,20260908_013309_layout_00,1.5,-0.25,0.25,1.0,6.900000095367432,7.066999912261963,30.700000762939453,2,2,2,2,timeout
type_flocking_randommovement_0.00_perceptionrad_2.00_maxspeed_3.00_20260908_013309_layout_01.json,2.0,3.0,20260908_013309_layout_01,1.5,-0.25,0.25,1.0,6.800000190734863,7.017000198364258,30.698999404907227,3,2,3,5,timeout
type_flocking_randommovement_0.00_perceptionrad_2.00_maxspeed_3.00_20260908_013309_layout_02.json,2.0,3.0,20260908_013309_layout_02,1.5,-0.25,0.25,1.0,6.882999897003174,7.065999984741211,30.700000762939453,5,2,2,2,timeout
type_flocking_randommovement_0.00_perceptionrad_2.00_maxspeed_3.00_20260908_013309_layout_03.json,2.0,3.0,20260908_013309_layout_03,1.5,-0.25,0.25,1.0,6.815999984741211,6.982999801635742,30.700000762939453,3,3,3,8,timeout
type_flocking_randommovement_0.00_perceptionrad_2.00_maxspeed_3.00_20260908_013309_layout_04.json,2.0,3.0,20260908_013309_layout_04,1.5,-0.25,0.25,1.0,6.699999809265137,6.900000095367432,16.41699981689453,4,2,2,3,goal-area
type_flocking_randommovement_0.00_perceptionrad_2.00_maxspeed_3.00_20260908_013309_layout_05.json,2.0,3.0,20260908_013309_layout_05,1.5,-0.25,0.25,1.0,6.9670000076293945,7.133999824523926,30.700000762939453,1,3,3,3,timeout
type_flocking_randommovement_0.00_perceptionrad_2.00_maxspeed_3.00_20260908_013309_layout_06.json,2.0,3.0,20260908_013309_layout_06,1.5,-0.25,0.25,1.0,7.133999824523926,7.315999984741211,30.700000762939453,2,2,2,5,timeout
type_flocking_randommovement_0.00_perceptionrad_2.00_maxspeed_3.00_20260908_013309_layout_07.json,2.0,3.0,20260908_013309_layout_07,1.5,-0.25,0.25,1.0,6.75,6.916999816894531,30.700000762939453,3,3,3,4,timeout
type_flocking_randommovement_0.00_perceptionrad_2.00_maxspeed_3.00_20260908_013309_layout_08.json,2.0,3.0,20260908_013309_layout_08,1.5,-0.25,0.25,1.0,6.816999912261963,6.982999801635742,30.700000762939453,2,1,2,3,timeout
type_flocking_randommovement_0.00_perceptionrad_2.00_maxspeed_3.00_20260908_013309_layout_09.json,2.0,3.0,20260908_013309_layout_09,1.5,-0.25,0.25,1.0,9.0,9.350000381469727,30.698999404907227,2,4,4,4,timeout
type_flocking_randommovement_0.00_perceptionrad_2.00_maxspeed_3.00_20260908_013309_layout_10.json,2.0,3.0,20260908_013309_layout_10,1.5,-0.25,0.25,1.0,6.732999801635742,6.915999889373779,16.83300018310547,3,2,2,2,goal-area
type_flocking_randommovement_0.00_perceptionrad_2.00_maxspeed_3.00_20260908_013309_layout_11.json,2.0,3.0,20260908_013309_layout_11,1.5,-0.25,0.25,1.0,6.801000118255615,6.9670000076293945,30.700000762939453,3,2,2,7,timeout
type_flocking_randommovement_0.00_perceptionrad_2.00_maxspeed_3.00_20260908_013309_layout_12.json,2.0,3.0,20260908_013309_layout_12,1.5,-0.25,0.25,1.0,6.816999912261963,6.982999801635742,30.700000762939453,3,2,2,6,timeout
type_flocking_randommovement_0.00_perceptionrad_2.00_maxspeed_3.00_20260908_013309_layout_13.json,2.0,3.0,20260908_013309_layout_13,1.5,-0.25,0.25,1.0,6.7829999923706055,6.948999881744385,30.698999404907227,2,2,3,10,timeout
type_flocking_randommovement_0.00_perceptionrad_2.00_maxspeed_3.00_20260908_013309_layout_14.json,2.0,3.0,20260908_013309_layout_14,1.5,-0.25,0.25,1.0,7.099999904632568,7.267000198364258,30.700000762939453,5,3,3,6,timeout
type_flocking_randommovement_0.00_perceptionrad_2.00_maxspeed_3.00_20260908_013309_layout_15.json,2.0,3.0,20260908_013309_layout_15,1.5,-0.25,0.25,1.0,7.116000175476074,7.349999904632568,30.700000762939453,4,3,3,9,timeout
type_flocking_randommovement_0.00_perceptionrad_2.00_maxspeed_3.00_20260908_013309_layout_16.json,2.0,3.0,20260908_013309_layout_16,1.5,-0.25,0.25,1.0,6.684000015258789,6.849999904632568,16.365999221801758,2,2,2,4,goal-area
type_flocking_randommovement_0.00_perceptionrad_2.00_maxspeed_3.00_20260908_013309_layout_17.json,2.0,3.0,20260908_013309_layout_17,1.5,-0.25,0.25,1.0,6.5329999923706055,6.699999809265137,30.700000762939453,2,2,2,6,timeout
type_flocking_randommovement_0.00_perceptionrad_2.00_maxspeed_3.00_20260908_013309_layout_18.json,2.0,3.0,20260908_013309_layout_18,1.5,-0.25,0.25,1.0,6.684000015258789,6.849999904632568,30.700000762939453,3,2,2,6,timeout
type_flocking_randommovement_0.00_perceptionrad_2.00_maxspeed_3.00_20260908_013309_layout_19.json,2.0,3.0,20260908_013309_layout_19,1.5,-0.25,0.25,1.0,6.900000095367432,7.065999984741211,30.700000762939453,3,2,2,4,timeout
type_flocking_randommovement_0.00_perceptionrad_2.00_maxspeed_3.00_20260908_013309_layout_20.json,2.0,3.0,20260908_013309_layout_20,1.5,-0.25,0.25,1.0,7.084000110626221,7.267000198364258,30.700000762939453,2,1,1,6,timeout
type_flocking_randommovement_0.00_perceptionrad_2.00_maxspeed_3.00_20260908_013309_layout_21.json,2.0,3.0,20260908_013309_layout_21,1.5,-0.25,0.25,1.0,6.834000110626221,7.0,30.700000762939453,4,3,3,4,timeout
type_flocking_randommovement_0.00_perceptionrad_2.00_maxspeed_3.00_20260908_013309_layout_22.json,2.0,3.0,20260908_013309_layout_22,1.5,-0.25,0.25,1.0,6.7170000076293945,6.883999824523926,16.41699981689453,3,2,2,2,goal-area
type_flocking_randommovement_0.00_perceptionrad_2.00_maxspeed_3.00_20260908_013309_layout_23.json,2.0,3.0,20260908_013309_layout_23,1.5,-0.25,0.25,1.0,6.76800012588501,6.934000015258789,30.700000762939453,4,3,3,5,timeout
type_flocking_randommovement_0.00_perceptionrad_2.00_maxspeed_3.00_20260908_013309_layout_24.json,2.0,3.0,20260908_013309_layout_24,1.5,-0.25,0.25,1.0,6.767000198364258,6.966000080108643,30.698999404907227,3,2,2,5,timeout
type_flocking_randommovement_0.00_perceptionrad_2.00_maxspeed_3.00_20260908_013309_layout_25.json,2.0,3.0,20260908_013309_layout_25,1.5,-0.25,0.25,1.0,10.315999984741211,10.5,30.700000762939453,4,9,9,5,timeout
type_flocking_randommovement_0.00_perceptionrad_2.00_maxspeed_3.00_20260908_013309_layout_26.json,2.0,3.0,20260908_013309_layout_26,1.5,-0.25,0.25,1.0,6.732999801635742,6.89900016784668,30.700000762939453,2,2,2,4,timeout
type_flocking_randommovement_0.00_perceptionrad_2.00_maxspeed_3.00_20260908_013309_layout_27.json,2.0,3.0,20260908_013309_layout_27,1.5,-0.25,0.25,1.0,6.666999816894531,6.833000183105469,16.58300018310547,4,2,2,2,goal-area
type_flocking_randommovement_0.00_perceptionrad_2.00_maxspeed_3.00_20260908_013309_layout_28.json,2.0,3.0,20260908_013309_layout_28,1.5,-0.25,0.25,1.0,6.866000175476074,7.050000190734863,30.698999404907227,3,1,1,9,timeout
type_flocking_randommovement_0.00_perceptionrad_2.00_maxspeed_3.00_20260908_013309_layout_29.json,2.0,3.0,20260908_013309_layout_29,1.5,-0.25,0.25,1.0,6.5,6.665999889373779,16.06599998474121,2,2,2,2,goal-area
type_flocking_randommovement_0.00_perceptionrad_2.00_maxspeed_3.00_20260908_013309_layout_30.json,2.0,3.0,20260908_013309_layout_30,1.5,-0.25,0.25,1.0,9.067000389099121,9.434000015258789,30.700000762939453,3,3,3,5,timeout
type_flocking_randommovement_0.00_perceptionrad_2.00_maxspeed_3.00_20260908_013309_layout_31.json,2.0,3.0,20260908_013309_layout_31,1.5,-0.25,0.25,1.0,6.767000198364258,6.948999881744385,30.698999404907227,4,2,2,3,timeout
type_flocking_randommovement_0.00_perceptionrad_2.00_maxspeed_3.00_20260908_013309_layout_32.json,2.0,3.0,20260908_013309_layout_32,1.5,-0.25,0.25,1.0,6.632999897003174,6.800000190734863,30.698999404907227,3,2,2,4,timeout
type_flocking_randommovement_0.00_perceptionrad_2.00_maxspeed_3.00_20260908_013309_layout_33.json,2.0,3.0,20260908_013309_layout_33,1.5,-0.25,0.25,1.0,6.934000015258789,7.099999904632568,30.700000762939453,4,1,1,7,timeout
type_flocking_randommovement_0.00_perceptionrad_2.00_maxspeed_3.00_20260908_013309_layout_34.json,2.0,3.0,20260908_013309_layout_34,1.5,-0.25,0.25,1.0,6.866000175476074,7.0329999923706055,30.700000762939453,3,2,2,7,timeout
type_flocking_randommovement_0.00_perceptionrad_2.00_maxspeed_3.00_20260908_013309_layout_35.json,2.0,3.0,20260908_013309_layout_35,1.5,-0.25,0.25,1.0,6.666999816894531,6.833000183105469,16.350000381469727,3,2,2,4,goal-area
type_flocking_randommovement_0.00_perceptionrad_2.00_maxspeed_3.00_20260908_013309_layout_36.json,2.0,3.0,20260908_013309_layout_36,1.5,-0.25,0.25,1.0,10.482999801635742,10.684000015258789,30.700000762939453,2,6,6,7,timeout
type_flocking_randommovement_0.00_perceptionrad_2.00_maxspeed_3.00_20260908_013309_layout_37.json,2.0,3.0,20260908_013309_layout_37,1.5,-0.25,0.25,1.0,6.800000190734863,6.9670000076293945,30.700000762939453,1,2,2,7,timeout
type_flocking_randommovement_0.00_perceptionrad_2.00_maxspeed_3.00_20260908_013309_layout_38.json,2.0,3.0,20260908_013309_layout_38,1.5,-0.25,0.25,1.0,6.666999816894531,6.833000183105469,16.384000778198242,4,2,2,4,goal-area
type_flocking_randommovement_0.00_perceptionrad_2.00_maxspeed_3.00_20260908_013309_layout_39.json,2.0,3.0,20260908_013309_layout_39,1.5,-0.25,0.25,1.0,6.833000183105469,7.0,30.700000762939453,1,2,2,6,timeout
type_flocking_randommovement_0.00_perceptionrad_2.50_maxspeed_1.50_20260908_013309_layout_00.json,2.5,1.5,20260908_013309_layout_00,1.5,-0.25,0.25,1.0,16.267000198364258,16.867000579833984,30.700000762939453,2,4,3,2,timeout
type_flocking_randommovement_0.00_perceptionrad_2.50_maxspeed_1.50_20260908_013309_layout_01.json,2.5,1.5,20260908_013309_layout_01,1.5,-0.25,0.25,1.0,13.449999809265137,13.782999992370605,30.700000762939453,4,2,2,2,timeout
type_flocking_randommovement_0.00_perceptionrad_2.50_maxspeed_1.50_20260908_013309_layout_02.json,2.5,1.5,20260908_013309_layout_02,1.5,-0.25,0.25,1.0,13.333999633789062,13.684000015258789,30.700000762939453,6,2,2,3,timeout
type_flocking_randommovement_0.00_perceptionrad_2.50_maxspeed_1.50_20260908_013309_layout_03.json,2.5,1.5,20260908_013309_layout_03,1.5,-0.25,0.25,1.0,15.467000007629395,16.01799964904785,30.700000762939453,3,2,2,2,timeout
type_flocking_randommovement_0.00_perceptionrad_2.50_maxspeed_1.50_20260908_013309_layout_04.json,2.5,1.5,20260908_013309_layout_04,1.5,-0.25,0.25,1.0,13.0,13.333000183105469,30.698999404907227,4,2,2,2,timeout
type_flocking_randommovement_0.00_perceptionrad_2.50_maxspeed_1.50_20260908_013309_layout_05.json,2.5,1.5,20260908_013309_layout_05,1.5,-0.25,0.25,1.0,15.449999809265137,15.932999610900879,30.700000762939453,1,1,1,1,timeout
type_flocking_randommovement_0.00_perceptionrad_2.50_maxspeed_1.50_20260908_013309_layout_06.json,2.5,1.5,20260908_013309_layout_06,1.5,-0.25,0.25,1.0,15.782999992370605,16.283000946044922,30.700000762939453,2,3,3,2,timeout
type_flocking_randommovement_0.00_perceptionrad_2.50_maxspeed_1.50_20260908_013309_layout_07.json,2.5,1.5,20260908_013309_layout_07,1.5,-0.25,0.25,1.0,13.199999809265137,13.565999984741211,30.700000762939453,3,2,2,3,timeout
type_flocking_randommovement_0.00_perceptionrad_2.50_maxspeed_1.50_20260908_013309_layout_08.json,2.5,1.5,20260908_013309_layout_08,1.5,-0.25,0.25,1.0,14.883999824523926,15.5,30.700000762939453,2,1,1,1,timeout
type_flocking_randommovement_0.00_perceptionrad_2.50_maxspeed_1.50_20260908_013309_layout_09.json,2.5,1.5,20260908_013309_layout_09,1.5,-0.25,0.25,1.0,14.399999618530273,14.883999824523926,30.700000762939453,3,1,1,1,timeout
type_flocking_randommovement_0.00_perceptionrad_2.50_maxspeed_1.50_20260908_013309_layout_10.json,2.5,1.5,20260908_013309_layout_10,1.5,-0.25,0.25,1.0,13.449999809265137,13.800999641418457,30.700000762939453,3,2,2,2,timeout
type_flocking_randommovement_0.00_perceptionrad_2.50_maxspeed_1.50_20260908_013309_layout_11.json,2.5,1.5,20260908_013309_layout_11,1.5,-0.25,0.25,1.0,13.25,13.633000373840332,30.698999404907227,5,2,2,5,timeout
type_flocking_randommovement_0.00_perceptionrad_2.50_maxspeed_1.50_20260908_013309_layout_12.json,2.5,1.5,20260908_013309_layout_12,1.5,-0.25,0.25,1.0,13.166000366210938,13.532999992370605,30.698999404907227,2,2,2,3,timeout
type_flocking_randommovement_0.00_perceptionrad_2.50_maxspeed_1.50_20260908_013309_layout_13.json,2.5,1.5,20260908_013309_layout_13,1.5,-0.25,0.25,1.0,13.366000175476074,13.717000007629395,30.700000762939453,2,2,2,2,timeout
type_flocking_randommovement_0.00_perceptionrad_2.50_maxspeed_1.50_20260908_013309_layout_14.json,2.5,1.5,20260908_013309_layout_14,1.5,-0.25,0.25,1.0,13.916999816894531,14.267000198364258,30.700000762939453,5,3,3,4,timeout
type_flocking_randommovement_0.00_perceptionrad_2.50_maxspeed_1.50_20260908_013309_layout_15.json,2.5,1.5,20260908_013309_layout_15,1.5,-0.25,0.25,1.0,14.366999626159668,14.732999801635742,30.700000762939453,4,1,1,1,timeout
type_flocking_randommovement_0.00_perceptionrad_2.50_maxspeed_1.50_20260908_013309_layout_16.json,2.5,1.5,20260908_013309_layout_16,1.5,-0.25,0.25,1.0,13.0,13.333999633789062,30.533000946044922,5,2,2,2,goal-area
type_flocking_randommovement_0.00_perceptionrad_2.50_maxspeed_1.50_20260908_013309_layout_17.json,2.5,1.5,20260908_013309_layout_17,1.5,-0.25,0.25,1.0,12.967000007629395,13.333000183105469,30.698999404907227,3,2,2,2,timeout
type_flocking_randommovement_0.00_perceptionrad_2.50_maxspeed_1.50_20260908_013309_layout_18.json,2.5,1.5,20260908_013309_layout_18,1.5,-0.25,0.25,1.0,15.482999801635742,15.967000007629395,30.700000762939453,3,1,1,1,timeout
type_flocking_randommovement_0.00_perceptionrad_2.50_maxspeed_1.50_20260908_013309_layout_19.json,2.5,1.5,20260908_013309_layout_19,1.5,-0.25,0.25,1.0,15.649999618530273,16.033000946044922,30.700000762939453,3,1,1,1,timeout
type_flocking_randommovement_0.00_perceptionrad_2.50_maxspeed_1.50_20260908_013309_layout_20.json,2.5,1.5,20260908_013309_layout_20,1.5,-0.25,0.25,1.0,13.899999618530273,14.282999992370605,30.700000762939453,3,1,1,1,timeout
type_flocking_randommovement_0.00_perceptionrad_2.50_maxspeed_1.50_20260908_013309_layout_21.json,2.5,1.5,20260908_013309_layout_21,1.5,-0.25,0.25,1.0,15.434000015258789,16.049999237060547,30.700000762939453,5,3,3,1,timeout
type_flocking_randommovement_0.00_perceptionrad_2.50_maxspeed_1.50_20260908_013309_layout_22.json,2.5,1.5,20260908_013309_layout_22,1.5,-0.25,0.25,1.0,13.333999633789062,13.684000015258789,30.700000762939453,3,2,2,2,timeout
type_flocking_randommovement_0.00_perceptionrad_2.50_maxspeed_1.50_20260908_013309_layout_23.json,2.5,1.5,20260908_013309_layout_23,1.5,-0.25,0.25,1.0,13.317000389099121,13.649999618530273,30.700000762939453,3,3,3,3,timeout
type_flocking_randommovement_0.00_perceptionrad_2.50_maxspeed_1.50_20260908_013309_layout_24.json,2.5,1.5,20260908_013309_layout_24,1.5,-0.25,0.25,1.0,13.315999984741211,13.64900016784668,30.698999404907227,4,2,2,2,timeout
type_flocking_randommovement_0.00_perceptionrad_2.50_maxspeed_1.50_20260908_013309_layout_25.json,2.5,1.5,20260908_013309_layout_25,1.5,-0.25,0.25,1.0,15.449999809265137,15.850000381469727,30.700000762939453,4,4,4,2,timeout
type_flocking_randommovement_0.00_perceptionrad_2.50_maxspeed_1.50_20260908_013309_layout_26.json,2.5,1.5,20260908_013309_layout_26,1.5,-0.25,0.25,1.0,16.450000762939453,17.033000946044922,30.700000762939453,2,2,2,2,timeout
type_flocking_randommovement_0.00_perceptionrad_2.50_maxspeed_1.50_20260908_013309_layout_27.json,2.5,1.5,20260908_013309_layout_27,1.5,-0.25,0.25,1.0,13.350000381469727,13.717000007629395,30.700000762939453,4,2,2,2,timeout
type_flocking_randommovement_0.00_perceptionrad_2.50_maxspeed_1.50_20260908_013309_layout_28.json,2.5,1.5,20260908_013309_layout_28,1.5,-0.25,0.25,1.0,14.767000198364258,15.166999816894531,30.700000762939453,5,1,2,2,timeout
type_flocking_randommovement_0.00_perceptionrad_2.50_maxspeed_1.50_20260908_013309_layout_29.json,2.5,1.5,20260908_013309_layout_29,1.5,-0.25,0.25,1.0,12.75,13.10099983215332,30.700000762939453,3,2,2,2,timeout
type_flocking_randommovement_0.00_perceptionrad_2.50_maxspeed_1.50_20260908_013309_layout_30.json,2.5,1.5,20260908_013309_layout_30,1.5,-0.25,0.25,1.0,13.60099983215332,13.967000007629395,30.700000762939453,4,2,2,2,timeout
type_flocking_randommovement_0.00_perceptionrad_2.50_maxspeed_1.50_20260908_013309_layout_31.json,2.5,1.5,20260908_013309_layout_31,1.5,-0.25,0.25,1.0,13.199000358581543,13.532999992370605,30.698999404907227,1,2,2,3,timeout
type_flocking_randommovement_0.00_perceptionrad_2.50_maxspeed_1.50_20260908_013309_layout_32.json,2.5,1.5,20260908_013309_layout_32,1.5,-0.25,0.25,1.0,15.550000190734863,16.267000198364258,30.698999404907227,3,2,2,1,timeout
type_flocking_randommovement_0.00_perceptionrad_2.50_maxspeed_1.50_20260908_013309_layout_33.json,2.5,1.5,20260908_013309_layout_33,1.5,-0.25,0.25,1.0,13.949999809265137,14.333000183105469,30.700000762939453,3,1,1,1,timeout
type_flocking_randommovement_0.00_perceptionrad_2.50_maxspeed_1.50_20260908_013309_layout_34.json,2.5,1.5,20260908_013309_layout_34,1.5,-0.25,0.25,1.0,13.149999618530273,13.482999801635742,30.700000762939453,3,2,2,4,timeout
type_flocking_randommovement_0.00_perceptionrad_2.50_maxspeed_1.50_20260908_013309_layout_35.json,2.5,1.5,20260908_013309_layout_35,1.5,-0.25,0.25,1.0,12.949999809265137,13.300000190734863,30.700000762939453,3,2,2,2,timeout
type_flocking_randommovement_0.00_perceptionrad_2.50_maxspeed_1.50_20260908_013309_layout_36.json,2.5,1.5,20260908_013309_layout_36,1.5,-0.25,0.25,1.0,17.91699981689453,18.267000198364258,30.700000762939453,2,2,2,2,timeout
type_flocking_randommovement_0.00_perceptionrad_2.50_maxspeed_1.50_20260908_013309_layout_37.json,2.5,1.5,20260908_013309_layout_37,1.5,-0.25,0.25,1.0,13.267000198364258,13.633999824523926,30.700000762939453,1,2,2,4,timeout
type_flocking_randommovement_0.00_perceptionrad_2.50_maxspeed_1.50_20260908_013309_layout_38.json,2.5,1.5,20260908_013309_layout_38,1.5,-0.25,0.25,1.0,13.267999649047852,13.633999824523926,30.700000762939453,2,2,2,2,timeout
type_flocking_randommovement_0.00_perceptionrad_2.50_maxspeed_1.50_20260908_013309_layout_39.json,2.5,1.5,20260908_013309_layout_39,1.5,-0.25,0.25,1.0,14.25,14.767000198364258,30.698999404907227,2,1,1,1,timeout
type_flocking_randommovement_0.00_perceptionrad_2.50_maxspeed_3.00_20260908_013309_layout_00.json,2.5,3.0,20260908_013309_layout_00,1.5,-0.25,0.25,1.0,7.050000190734863,7.232999801635742,30.700000762939453,2,2,2,2,timeout
type_flocking_randommovement_0.00_perceptionrad_2.50_maxspeed_3.00_20260908_013309_layout_01.json,2.5,3.0,20260908_013309_layout_01,1.5,-0.25,0.25,1.0,17.882999420166016,18.049999237060547,30.700000762939453,3,2,2,2,timeout
type_flocking_randommovement_0.00_perceptionrad_2.50_maxspeed_3.00_20260908_013309_layout_02.json,2.5,3.0,20260908_013309_layout_02,1.5,-0.25,0.25,1.0,6.849999904632568,7.017000198364258,30.700000762939453,5,2,2,7,timeout
type_flocking_randommovement_0.00_perceptionrad_2.50_maxspeed_3.00_20260908_013309_layout_03.json,2.5,3.0,20260908_013309_layout_03,1.5,-0.25,0.25,1.0,8.949999809265137,9.217000007629395,30.700000762939453,3,3,3,4,timeout
type_flocking_randommovement_0.00_perceptionrad_2.50_maxspeed_3.00_20260908_013309_layout_04.json,2.5,3.0,20260908_013309_layout_04,1.5,-0.25,0.25,1.0,6.883999824523926,7.050000190734863,30.700000762939453,4,3,3,3,timeout
type_flocking_randommovement_0.00_perceptionrad_2.50_maxspeed_3.00_20260908_013309_layout_05.json,2.5,3.0,20260908_013309_layout_05,1.5,-0.25,0.25,1.0,7.051000118255615,7.232999801635742,30.700000762939453,1,3,3,2,timeout
type_flocking_randommovement_0.00_perceptionrad_2.50_maxspeed_3.00_20260908_013309_layout_06.json,2.5,3.0,20260908_013309_layout_06,1.5,-0.25,0.25,1.0,6.767000198364258,6.933000087738037,30.698999404907227,2,2,2,7,timeout
type_flocking_randommovement_0.00_perceptionrad_2.50_maxspeed_3.00_20260908_013309_layout_07.json,2.5,3.0,20260908_013309_layout_07,1.5,-0.25,0.25,1.0,6.64900016784668,6.815999984741211,30.698999404907227,3,2,2,8,timeout
type_flocking_randommovement_0.00_perceptionrad_2.50_maxspeed_3.00_20260908_013309_layout_08.json,2.5,3.0,20260908_013309_layout_08,1.5,-0.25,0.25,1.0,10.815999984741211,11.017000198364258,30.700000762939453,2,4,4,2,timeout
type_flocking_randommovement_0.00_perceptionrad_2.50_maxspeed_3.00_20260908_013309_layout_09.json,2.5,3.0,20260908_013309_layout_09,1.5,-0.25,0.25,1.0,8.315999984741211,8.633000373840332,30.700000762939453,2,1,1,2,timeout
type_flocking_randommovement_0.00_perceptionrad_2.50_maxspeed_3.00_20260908_013309_layout_10.json,2.5,3.0,20260908_013309_layout_10,1.5,-0.25,0.25,1.0,6.7170000076293945,6.883999824523926,16.617000579833984,2,2,2,2,goal-area
type_flocking_randommovement_0.00_perceptionrad_2.50_maxspeed_3.00_20260908_013309_layout_11.json,2.5,3.0,20260908_013309_layout_11,1.5,-0.25,0.25,1.0,6.616000175476074,6.7829999923706055,16.132999420166016,2,2,2,2,goal-area
type_flocking_randommovement_0.00_perceptionrad_2.50_maxspeed_3.00_20260908_013309_layout_12.json,2.5,3.0,20260908_013309_layout_12,1.5,-0.25,0.25,1.0,6.632999897003174,6.800000190734863,16.25,1,3,3,3,goal-area
type_flocking_randommovement_0.00_perceptionrad_2.50_maxspeed_3.00_20260908_013309_layout_13.json,2.5,3.0,20260908_013309_layout_13,1.5,-0.25,0.25,1.0,14.949999809265137,15.133999824523926,30.700000762939453,2,3,3,2,timeout
type_flocking_randommovement_0.00_perceptionrad_2.50_maxspeed_3.00_20260908_013309_layout_14.json,2.5,3.0,20260908_013309_layout_14,1.5,-0.25,0.25,1.0,7.117000102996826,7.315999984741211,30.700000762939453,3,2,2,4,timeout
type_flocking_randommovement_0.00_perceptionrad_2.50_maxspeed_3.00_20260908_013309_layout_15.json,2.5,3.0,20260908_013309_layout_15,1.5,-0.25,0.25,1.0,9.116999626159668,9.5,30.700000762939453,3,2,2,4,timeout
type_flocking_randommovement_0.00_perceptionrad_2.50_maxspeed_3.00_20260908_013309_layout_16.json,2.5,3.0,20260908_013309_layout_16,1.5,-0.25,0.25,1.0,6.650000095367432,6.816999912261963,16.134000778198242,5,2,2,2,goal-area
type_flocking_randommovement_0.00_perceptionrad_2.50_maxspeed_3.00_20260908_013309_layout_17.json,2.5,3.0,20260908_013309_layout_17,1.5,-0.25,0.25,1.0,6.566999912261963,6.75,16.551000595092773,3,2,2,2,goal-area
type_flocking_randommovement_0.00_perceptionrad_2.50_maxspeed_3.00_20260908_013309_layout_18.json,2.5,3.0,20260908_013309_layout_18,1.5,-0.25,0.25,1.0,6.7170000076293945,6.882999897003174,30.700000762939453,2,2,2,3,timeout
type_flocking_randommovement_0.00_perceptionrad_2.50_maxspeed_3.00_20260908_013309_layout_19.json,2.5,3.0,20260908_013309_layout_19,1.5,-0.25,0.25,1.0,8.833000183105469,9.065999984741211,30.700000762939453,3,1,1,3,timeout
type_flocking_randommovement_0.00_perceptionrad_2.50_maxspeed_3.00_20260908_013309_layout_20.json,2.5,3.0,20260908_013309_layout_20,1.5,-0.25,0.25,1.0,7.10099983215332,7.2829999923706055,30.700000762939453,3,1,1,1,timeout
type_flocking_randommovement_0.00_perceptionrad_2.50_maxspeed_3.00_20260908_013309_layout_21.json,2.5,3.0,20260908_013309_layout_21,1.5,-0.25,0.25,1.0,6.732999801635742,6.900000095367432,30.700000762939453,4,4,3,3,timeout
type_flocking_randommovement_0.00_perceptionrad_2.50_maxspeed_3.00_20260908_013309_layout_22.json,2.5,3.0,20260908_013309_layout_22,1.5,-0.25,0.25,1.0,6.75,6.916999816894531,16.583999633789062,3,4,4,3,goal-area
type_flocking_randommovement_0.00_perceptionrad_2.50_maxspeed_3.00_20260908_013309_layout_23.json,2.5,3.0,20260908_013309_layout_23,1.5,-0.25,0.25,1.0,6.767000198364258,6.934000015258789,30.700000762939453,2,3,3,6,timeout
type_flocking_randommovement_0.00_perceptionrad_2.50_maxspeed_3.00_20260908_013309_layout_24.json,2.5,3.0,20260908_013309_layout_24,1.5,-0.25,0.25,1.0,8.5,9.217000007629395,30.700000762939453,1,2,2,2,timeout
type_flocking_randommovement_0.00_perceptionrad_2.50_maxspeed_3.00_20260908_013309_layout_25.json,2.5,3.0,20260908_013309_layout_25,1.5,-0.25,0.25,1.0,13.0,13.166999816894531,30.700000762939453,4,3,3,4,timeout
type_flocking_randommovement_0.00_perceptionrad_2.50_maxspeed_3.00_20260908_013309_layout_26.json,2.5,3.0,20260908_013309_layout_26,1.5,-0.25,0.25,1.0,6.684000015258789,6.85099983215332,30.700000762939453,2,2,2,5,timeout
type_flocking_randommovement_0.00_perceptionrad_2.50_maxspeed_3.00_20260908_013309_layout_27.json,2.5,3.0,20260908_013309_layout_27,1.5,-0.25,0.25,1.0,6.833000183105469,7.017000198364258,30.698999404907227,3,2,2,2,timeout
type_flocking_randommovement_0.00_perceptionrad_2.50_maxspeed_3.00_20260908_013309_layout_28.json,2.5,3.0,20260908_013309_layout_28,1.5,-0.25,0.25,1.0,7.2170000076293945,7.415999889373779,30.700000762939453,4,1,2,4,timeout
type_flocking_randommovement_0.00_perceptionrad_2.50_maxspeed_3.00_20260908_013309_layout_29.json,2.5,3.0,20260908_013309_layout_29,1.5,-0.25,0.25,1.0,6.517000198364258,6.684000015258789,16.049999237060547,2,2,2,2,goal-area
type_flocking_randommovement_0.00_perceptionrad_2.50_maxspeed_3.00_20260908_013309_layout_30.json,2.5,3.0,20260908_013309_layout_30,1.5,-0.25,0.25,1.0,6.834000110626221,7.017000198364258,30.700000762939453,3,2,2,3,timeout
type_flocking_randommovement_0.00_perceptionrad_2.50_maxspeed_3.00_20260908_013309_layout_31.json,2.5,3.0,20260908_013309_layout_31,1.5,-0.25,0.25,1.0,6.866000175476074,7.050000190734863,30.698999404907227,1,2,2,2,timeout
type_flocking_randommovement_0.00_perceptionrad_2.50_maxspeed_3.00_20260908_013309_layout_32.json,2.5,3.0,20260908_013309_layout_32,1.5,-0.25,0.25,1.0,6.933000087738037,7.099999904632568,30.698999404907227,4,2,2,2,timeout
type_flocking_randommovement_0.00_perceptionrad_2.50_maxspeed_3.00_20260908_013309_layout_33.json,2.5,3.0,20260908_013309_layout_33,1.5,-0.25,0.25,1.0,7.017000198364258,7.199999809265137,30.700000762939453,2,1,1,3,timeout
type_flocking_randommovement_0.00_perceptionrad_2.50_maxspeed_3.00_20260908_013309_layout_34.json,2.5,3.0,20260908_013309_layout_34,1.5,-0.25,0.25,1.0,6.7829999923706055,6.949999809265137,30.700000762939453,3,2,2,3,timeout
type_flocking_randommovement_0.00_perceptionrad_2.50_maxspeed_3.00_20260908_013309_layout_35.json,2.5,3.0,20260908_013309_layout_35,1.5,-0.25,0.25,1.0,6.650000095367432,6.833000183105469,16.16699981689453,3,2,2,2,goal-area
type_flocking_randommovement_0.00_perceptionrad_2.50_maxspeed_3.00_20260908_013309_layout_36.json,2.5,3.0,20260908_013309_layout_36,1.5,-0.25,0.25,1.0,9.267000198364258,9.5,30.700000762939453,2,4,4,5,timeout
type_flocking_randommovement_0.00_perceptionrad_2.50_maxspeed_3.00_20260908_013309_layout_37.json,2.5,3.0,20260908_013309_layout_37,1.5,-0.25,0.25,1.0,6.732999801635742,6.916999816894531,30.700000762939453,1,2,2,3,timeout
type_flocking_randommovement_0.00_perceptionrad_2.50_maxspeed_3.00_20260908_013309_layout_38.json,2.5,3.0,20260908_013309_layout_38,1.5,-0.25,0.25,1.0,6.650000095367432,6.816999912261963,16.35099983215332,2,2,2,4,goal-area
type_flocking_randommovement_0.00_perceptionrad_2.50_maxspeed_3.00_20260908_013309_layout_39.json,2.5,3.0,20260908_013309_layout_39,1.5,-0.25,0.25,1.0,7.133999824523926,7.633999824523926,30.700000762939453,1,1,4,2,timeout
type_flocking_randommovement_0.00_perceptionrad_3.00_maxspeed_1.50_20260908_013309_layout_00.json,3.0,1.5,20260908_013309_layout_00,1.5,-0.25,0.25,1.0,16.16699981689453,16.583999633789062,30.700000762939453,2,2,2,2,timeout
type_flocking_randommovement_0.00_perceptionrad_3.00_maxspeed_1.50_20260908_013309_layout_01.json,3.0,1.5,20260908_013309_layout_01,1.5,-0.25,0.25,1.0,13.532999992370605,13.883999824523926,30.700000762939453,3,1,1,2,timeout
type_flocking_randommovement_0.00_perceptionrad_3.00_maxspeed_1.50_20260908_013309_layout_02.json,3.0,1.5,20260908_013309_layout_02,1.5,-0.25,0.25,1.0,13.232999801635742,13.567000389099121,30.700000762939453,6,2,2,2,timeout
type_flocking_randommovement_0.00_perceptionrad_3.00_maxspeed_1.50_20260908_013309_layout_03.json,3.0,1.5,20260908_013309_layout_03,1.5,-0.25,0.25,1.0,14.75,15.166000366210938,30.698999404907227,2,1,1,1,timeout
type_flocking_randommovement_0.00_perceptionrad_3.00_maxspeed_1.50_20260908_013309_layout_04.json,3.0,1.5,20260908_013309_layout_04,1.5,-0.25,0.25,1.0,13.116000175476074,13.467000007629395,30.700000762939453,4,2,2,2,timeout
type_flocking_randommovement_0.00_perceptionrad_3.00_maxspeed_1.50_20260908_013309_layout_05.json,3.0,1.5,20260908_013309_layout_05,1.5,-0.25,0.25,1.0,18.049999237060547,18.615999221801758,30.700000762939453,1,2,2,2,timeout
type_flocking_randommovement_0.00_perceptionrad_3.00_maxspeed_1.50_20260908_013309_layout_06.json,3.0,1.5,20260908_013309_layout_06,1.5,-0.25,0.25,1.0,14.116000175476074,14.5,30.700000762939453,2,1,1,2,timeout
type_flocking_randommovement_0.00_perceptionrad_3.00_maxspeed_1.50_20260908_013309_layout_07.json,3.0,1.5,20260908_013309_layout_07,1.5,-0.25,0.25,1.0,13.217000007629395,13.550000190734863,30.700000762939453,3,2,2,2,timeout
type_flocking_randommovement_0.00_perceptionrad_3.00_maxspeed_1.50_20260908_013309_layout_08.json,3.0,1.5,20260908_013309_layout_08,1.5,-0.25,0.25,1.0,15.532999992370605,15.949999809265137,30.700000762939453,2,1,1,1,timeout
type_flocking_randommovement_0.00_perceptionrad_3.00_maxspeed_1.50_20260908_013309_layout_09.json,3.0,1.5,20260908_013309_layout_09,1.5,-0.25,0.25,1.0,14.866999626159668,15.267000198364258,30.700000762939453,2,1,1,1,timeout
type_flocking_randommovement_0.00_perceptionrad_3.00_maxspeed_1.50_20260908_013309_layout_10.json,3.0,1.5,20260908_013309_layout_10,1.5,-0.25,0.25,1.0,13.600000381469727,13.949000358581543,30.698999404907227,2,2,2,2,timeout
type_flocking_randommovement_0.00_perceptionrad_3.00_maxspeed_1.50_20260908_013309_layout_11.json,3.0,1.5,20260908_013309_layout_11,1.5,-0.25,0.25,1.0,12.982999801635742,13.315999984741211,30.698999404907227,3,2,2,1,timeout
type_flocking_randommovement_0.00_perceptionrad_3.00_maxspeed_1.50_20260908_013309_layout_12.json,3.0,1.5,20260908_013309_layout_12,1.5,-0.25,0.25,1.0,13.333000183105469,13.666000366210938,30.700000762939453,1,2,2,3,timeout
type_flocking_randommovement_0.00_perceptionrad_3.00_maxspeed_1.50_20260908_013309_layout_13.json,3.0,1.5,20260908_013309_layout_13,1.5,-0.25,0.25,1.0,13.949999809265137,14.383000373840332,30.700000762939453,2,1,1,1,timeout
type_flocking_randommovement_0.00_perceptionrad_3.00_maxspeed_1.50_20260908_013309_layout_14.json,3.0,1.5,20260908_013309_layout_14,1.5,-0.25,0.25,1.0,14.383999824523926,15.366999626159668,30.700000762939453,5,2,2,2,timeout
type_flocking_randommovement_0.00_perceptionrad_3.00_maxspeed_1.50_20260908_013309_layout_15.json,3.0,1.5,20260908_013309_layout_15,1.5,-0.25,0.25,1.0,14.25,14.684000015258789,30.700000762939453,3,1,1,1,timeout
type_flocking_randommovement_0.00_perceptionrad_3.00_maxspeed_1.50_20260908_013309_layout_16.json,3.0,1.5,20260908_013309_layout_16,1.5,-0.25,0.25,1.0,13.717000007629395,14.050999641418457,30.700000762939453,4,1,1,1,timeout
type_flocking_randommovement_0.00_perceptionrad_3.00_maxspeed_1.50_20260908_013309_layout_17.json,3.0,1.5,20260908_013309_layout_17,1.5,-0.25,0.25,1.0,12.934000015258789,13.267999649047852,30.700000762939453,4,2,2,2,timeout
type_flocking_randommovement_0.00_perceptionrad_3.00_maxspeed_1.50_20260908_013309_layout_18.json,3.0,1.5,20260908_013309_layout_18,1.5,-0.25,0.25,1.0,13.666000366210938,14.100000381469727,30.698999404907227,3,1,1,2,timeout
type_flocking_randommovement_0.00_perceptionrad_3.00_maxspeed_1.50_20260908_013309_layout_19.json,3.0,1.5,20260908_013309_layout_19,1.5,-0.25,0.25,1.0,14.682999610900879,15.199999809265137,30.700000762939453,3,1,1,1,timeout
type_flocking_randommovement_0.00_perceptionrad_3.00_maxspeed_1.50_20260908_013309_layout_20.json,3.0,1.5,20260908_013309_layout_20,1.5,-0.25,0.25,1.0,14.633000373840332,15.133000373840332,30.700000762939453,3,1,1,1,timeout
type_flocking_randommovement_0.00_perceptionrad_3.00_maxspeed_1.50_20260908_013309_layout_21.json,3.0,1.5,20260908_013309_layout_21,1.5,-0.25,0.25,1.0,16.365999221801758,16.799999237060547,30.700000762939453,5,2,2,2,timeout
type_flocking_randommovement_0.00_perceptionrad_3.00_maxspeed_1.50_20260908_013309_layout_22.json,3.0,1.5,20260908_013309_layout_22,1.5,-0.25,0.25,1.0,13.399999618530273,13.75,30.700000762939453,2,2,2,2,timeout
type_flocking_randommovement_0.00_perceptionrad_3.00_maxspeed_1.50_20260908_013309_layout_23.json,3.0,1.5,20260908_013309_layout_23,1.5,-0.25,0.25,1.0,14.883999824523926,15.467000007629395,30.700000762939453,3,1,1,1,timeout
type_flocking_randommovement_0.00_perceptionrad_3.00_maxspeed_1.50_20260908_013309_layout_24.json,3.0,1.5,20260908_013309_layout_24,1.5,-0.25,0.25,1.0,13.800999641418457,14.133999824523926,30.700000762939453,5,1,1,1,timeout
type_flocking_randommovement_0.00_perceptionrad_3.00_maxspeed_1.50_20260908_013309_layout_25.json,3.0,1.5,20260908_013309_layout_25,1.5,-0.25,0.25,1.0,15.833000183105469,16.39900016784668,30.698999404907227,4,1,1,1,timeout
type_flocking_randommovement_0.00_perceptionrad_3.00_maxspeed_1.50_20260908_013309_layout_26.json,3.0,1.5,20260908_013309_layout_26,1.5,-0.25,0.25,1.0,16.0,16.58300018310547,30.698999404907227,2,3,3,2,timeout
type_flocking_randommovement_0.00_perceptionrad_3.00_maxspeed_1.50_20260908_013309_layout_27.json,3.0,1.5,20260908_013309_layout_27,1.5,-0.25,0.25,1.0,16.865999221801758,17.299999237060547,30.700000762939453,4,2,2,2,timeout
type_flocking_randommovement_0.00_perceptionrad_3.00_maxspeed_1.50_20260908_013309_layout_28.json,3.0,1.5,20260908_013309_layout_28,1.5,-0.25,0.25,1.0,13.883000373840332,14.232999801635742,30.700000762939453,5,1,1,2,timeout
type_flocking_randommovement_0.00_perceptionrad_3.00_maxspeed_1.50_20260908_013309_layout_29.json,3.0,1.5,20260908_013309_layout_29,1.5,-0.25,0.25,1.0,12.800000190734863,13.133999824523926,30.700000762939453,3,2,2,2,timeout
type_flocking_randommovement_0.00_perceptionrad_3.00_maxspeed_1.50_20260908_013309_layout_30.json,3.0,1.5,20260908_013309_layout_30,1.5,-0.25,0.25,1.0,16.783000946044922,17.200000762939453,30.700000762939453,3,2,2,1,timeout
type_flocking_randommovement_0.00_perceptionrad_3.00_maxspeed_1.50_20260908_013309_layout_31.json,3.0,1.5,20260908_013309_layout_31,1.5,-0.25,0.25,1.0,13.199999809265137,13.550999641418457,30.700000762939453,2,2,2,2,timeout
type_flocking_randommovement_0.00_perceptionrad_3.00_maxspeed_1.50_20260908_013309_layout_32.json,3.0,1.5,20260908_013309_layout_32,1.5,-0.25,0.25,1.0,13.866999626159668,14.35099983215332,30.700000762939453,4,2,2,2,timeout
type_flocking_randommovement_0.00_perceptionrad_3.00_maxspeed_1.50_20260908_013309_layout_33.json,3.0,1.5,20260908_013309_layout_33,1.5,-0.25,0.25,1.0,15.017000198364258,15.39900016784668,30.698999404907227,2,1,1,1,timeout
type_flocking_randommovement_0.00_perceptionrad_3.00_maxspeed_1.50_20260908_013309_layout_34.json,3.0,1.5,20260908_013309_layout_34,1.5,-0.25,0.25,1.0,13.232999801635742,13.583000183105469,30.700000762939453,3,2,2,4,timeout
type_flocking_randommovement_0.00_perceptionrad_3.00_maxspeed_1.50_20260908_013309_layout_35.json,3.0,1.5,20260908_013309_layout_35,1.5,-0.25,0.25,1.0,13.199999809265137,13.550000190734863,30.700000762939453,3,2,2,2,timeout
type_flocking_randommovement_0.00_perceptionrad_3.00_maxspeed_1.50_20260908_013309_layout_36.json,3.0,1.5,20260908_013309_layout_36,1.5,-0.25,0.25,1.0,15.684000015258789,16.08300018310547,30.700000762939453,1,1,1,1,timeout
type_flocking_randommovement_0.00_perceptionrad_3.00_maxspeed_1.50_20260908_013309_layout_37.json,3.0,1.5,20260908_013309_layout_37,1.5,-0.25,0.25,1.0,13.399999618530273,13.75,30.700000762939453,1,2,2,2,timeout
type_flocking_randommovement_0.00_perceptionrad_3.00_maxspeed_1.50_20260908_013309_layout_38.json,3.0,1.5,20260908_013309_layout_38,1.5,-0.25,0.25,1.0,13.199999809265137,13.550999641418457,30.700000762939453,4,2,2,2,timeout
type_flocking_randommovement_0.00_perceptionrad_3.00_maxspeed_1.50_20260908_013309_layout_39.json,3.0,1.5,20260908_013309_layout_39,1.5,-0.25,0.25,1.0,16.301000595092773,16.700000762939453,30.700000762939453,2,1,1,1,timeout
type_flocking_randommovement_0.00_perceptionrad_3.00_maxspeed_3.00_20260908_013309_layout_00.json,3.0,3.0,20260908_013309_layout_00,1.5,-0.25,0.25,1.0,6.815999984741211,7.0,30.698999404907227,2,1,1,2,timeout
type_flocking_randommovement_0.00_perceptionrad_3.00_maxspeed_3.00_20260908_013309_layout_01.json,3.0,3.0,20260908_013309_layout_01,1.5,-0.25,0.25,1.0,7.050000190734863,7.2170000076293945,30.700000762939453,3,1,1,3,timeout
type_flocking_randommovement_0.00_perceptionrad_3.00_maxspeed_3.00_20260908_013309_layout_02.json,3.0,3.0,20260908_013309_layout_02,1.5,-0.25,0.25,1.0,6.982999801635742,7.166999816894531,30.700000762939453,5,1,2,2,timeout
type_flocking_randommovement_0.00_perceptionrad_3.00_maxspeed_3.00_20260908_013309_layout_03.json,3.0,3.0,20260908_013309_layout_03,1.5,-0.25,0.25,1.0,8.600000381469727,8.916999816894531,30.700000762939453,2,4,4,2,timeout
type_flocking_randommovement_0.00_perceptionrad_3.00_maxspeed_3.00_20260908_013309_layout_04.json,3.0,3.0,20260908_013309_layout_04,1.5,-0.25,0.25,1.0,7.517000198364258,7.833000183105469,30.700000762939453,3,1,2,2,timeout
type_flocking_randommovement_0.00_perceptionrad_3.00_maxspeed_3.00_20260908_013309_layout_05.json,3.0,3.0,20260908_013309_layout_05,1.5,-0.25,0.25,1.0,9.399999618530273,9.633999824523926,19.25,1,1,1,1,goal-area
type_flocking_randommovement_0.00_perceptionrad_3.00_maxspeed_3.00_20260908_013309_layout_06.json,3.0,3.0,20260908_013309_layout_06,1.5,-0.25,0.25,1.0,8.133000373840332,8.432999610900879,30.698999404907227,2,1,1,1,timeout
type_flocking_randommovement_0.00_perceptionrad_3.00_maxspeed_3.00_20260908_013309_layout_07.json,3.0,3.0,20260908_013309_layout_07,1.5,-0.25,0.25,1.0,6.75,6.915999889373779,30.700000762939453,3,2,2,2,timeout
type_flocking_randommovement_0.00_perceptionrad_3.00_maxspeed_3.00_20260908_013309_layout_08.json,3.0,3.0,20260908_013309_layout_08,1.5,-0.25,0.25,1.0,9.75,9.967000007629395,19.865999221801758,2,3,4,2,goal-area
type_flocking_randommovement_0.00_perceptionrad_3.00_maxspeed_3.00_20260908_013309_layout_09.json,3.0,3.0,20260908_013309_layout_09,1.5,-0.25,0.25,1.0,7.198999881744385,7.4670000076293945,30.698999404907227,2,1,1,1,timeout
type_flocking_randommovement_0.00_perceptionrad_3.00_maxspeed_3.00_20260908_013309_layout_10.json,3.0,3.0,20260908_013309_layout_10,1.5,-0.25,0.25,1.0,6.732999801635742,6.915999889373779,30.700000762939453,2,2,2,1,timeout
type_flocking_randommovement_0.00_perceptionrad_3.00_maxspeed_3.00_20260908_013309_layout_11.json,3.0,3.0,20260908_013309_layout_11,1.5,-0.25,0.25,1.0,6.632999897003174,6.815999984741211,16.216999053955078,2,2,2,2,goal-area
type_flocking_randommovement_0.00_perceptionrad_3.00_maxspeed_3.00_20260908_013309_layout_12.json,3.0,3.0,20260908_013309_layout_12,1.5,-0.25,0.25,1.0,6.815999984741211,6.982999801635742,17.049999237060547,1,2,2,2,goal-area
type_flocking_randommovement_0.00_perceptionrad_3.00_maxspeed_3.00_20260908_013309_layout_13.json,3.0,3.0,20260908_013309_layout_13,1.5,-0.25,0.25,1.0,12.350000381469727,12.517000198364258,30.698999404907227,2,2,2,1,timeout
type_flocking_randommovement_0.00_perceptionrad_3.00_maxspeed_3.00_20260908_013309_layout_14.json,3.0,3.0,20260908_013309_layout_14,1.5,-0.25,0.25,1.0,10.449999809265137,10.64900016784668,30.700000762939453,3,3,3,5,timeout
type_flocking_randommovement_0.00_perceptionrad_3.00_maxspeed_3.00_20260908_013309_layout_15.json,3.0,3.0,20260908_013309_layout_15,1.5,-0.25,0.25,1.0,9.032999992370605,9.282999992370605,30.700000762939453,3,2,2,2,timeout
type_flocking_randommovement_0.00_perceptionrad_3.00_maxspeed_3.00_20260908_013309_layout_16.json,3.0,3.0,20260908_013309_layout_16,1.5,-0.25,0.25,1.0,6.900000095367432,7.065999984741211,30.700000762939453,4,2,2,1,timeout
type_flocking_randommovement_0.00_perceptionrad_3.00_maxspeed_3.00_20260908_013309_layout_17.json,3.0,3.0,20260908_013309_layout_17,1.5,-0.25,0.25,1.0,6.617000102996826,6.7829999923706055,16.283000946044922,3,3,3,1,goal-area
type_flocking_randommovement_0.00_perceptionrad_3.00_maxspeed_3.00_20260908_013309_layout_18.json,3.0,3.0,20260908_013309_layout_18,1.5,-0.25,0.25,1.0,6.89900016784668,7.083000183105469,30.698999404907227,2,3,3,3,timeout
type_flocking_randommovement_0.00_perceptionrad_3.00_maxspeed_3.00_20260908_013309_layout_19.json,3.0,3.0,20260908_013309_layout_19,1.5,-0.25,0.25,1.0,7.866000175476074,8.166000366210938,18.382999420166016,3,1,1,1,goal-area
type_flocking_randommovement_0.00_perceptionrad_3.00_maxspeed_3.00_20260908_013309_layout_20.json,3.0,3.0,20260908_013309_layout_20,1.5,-0.25,0.25,1.0,7.150000095367432,7.415999889373779,30.698999404907227,3,1,1,2,timeout
type_flocking_randommovement_0.00_perceptionrad_3.00_maxspeed_3.00_20260908_013309_layout_21.json,3.0,3.0,20260908_013309_layout_21,1.5,-0.25,0.25,1.0,6.765999794006348,6.934000015258789,30.698999404907227,4,2,2,2,timeout
type_flocking_randommovement_0.00_perceptionrad_3.00_maxspeed_3.00_20260908_013309_layout_22.json,3.0,3.0,20260908_013309_layout_22,1.5,-0.25,0.25,1.0,6.801000118255615,6.9670000076293945,16.399999618530273,2,2,2,2,goal-area
type_flocking_randommovement_0.00_perceptionrad_3.00_maxspeed_3.00_20260908_013309_layout_23.json,3.0,3.0,20260908_013309_layout_23,1.5,-0.25,0.25,1.0,6.584000110626221,6.75,16.417999267578125,2,2,2,4,goal-area
type_flocking_randommovement_0.00_perceptionrad_3.00_maxspeed_3.00_20260908_013309_layout_24.json,3.0,3.0,20260908_013309_layout_24,1.5,-0.25,0.25,1.0,7.7170000076293945,8.0,30.701000213623047,2,1,1,1,timeout
type_flocking_randommovement_0.00_perceptionrad_3.00_maxspeed_3.00_20260908_013309_layout_25.json,3.0,3.0,20260908_013309_layout_25,1.5,-0.25,0.25,1.0,14.184000015258789,14.35200023651123,23.78499984741211,2,2,1,1,goal-area
type_flocking_randommovement_0.00_perceptionrad_3.00_maxspeed_3.00_20260908_013309_layout_26.json,3.0,3.0,20260908_013309_layout_26,1.5,-0.25,0.25,1.0,12.467000007629395,12.633000373840332,30.701000213623047,2,5,5,2,timeout
type_flocking_randommovement_0.00_perceptionrad_3.00_maxspeed_3.00_20260908_013309_layout_27.json,3.0,3.0,20260908_013309_layout_27,1.5,-0.25,0.25,1.0,8.017999649047852,8.434000015258789,30.701000213623047,3,2,2,2,timeout
type_flocking_randommovement_0.00_perceptionrad_3.00_maxspeed_3.00_20260908_013309_layout_28.json,3.0,3.0,20260908_013309_layout_28,1.5,-0.25,0.25,1.0,8.35200023651123,8.635000228881836,30.701000213623047,3,1,1,5,timeout
type_flocking_randommovement_0.00_perceptionrad_3.00_maxspeed_3.00_20260908_013309_layout_29.json,3.0,3.0,20260908_013309_layout_29,1.5,-0.25,0.25,1.0,6.551000118255615,6.7170000076293945,16.31800079345703,2,2,2,2,goal-area
type_flocking_randommovement_0.00_perceptionrad_3.00_maxspeed_3.00_20260908_013309_layout_30.json,3.0,3.0,20260908_013309_layout_30,1.5,-0.25,0.25,1.0,7.234000205993652,7.584000110626221,30.701000213623047,3,2,3,3,timeout
type_flocking_randommovement_0.00_perceptionrad_3.00_maxspeed_3.00_20260908_013309_layout_31.json,3.0,3.0,20260908_013309_layout_31,1.5,-0.25,0.25,1.0,6.801000118255615,6.9670000076293945,30.701000213623047,2,2,2,5,timeout
type_flocking_randommovement_0.00_perceptionrad_3.00_maxspeed_3.00_20260908_013309_layout_32.json,3.0,3.0,20260908_013309_layout_32,1.5,-0.25,0.25,1.0,9.668000221252441,9.866999626159668,30.701000213623047,4,4,4,1,timeout
type_flocking_randommovement_0.00_perceptionrad_3.00_maxspeed_3.00_20260908_013309_layout_33.json,3.0,3.0,20260908_013309_layout_33,1.5,-0.25,0.25,1.0,9.017999649047852,9.267999649047852,30.701000213623047,2,1,1,1,timeout
type_flocking_randommovement_0.00_perceptionrad_3.00_maxspeed_3.00_20260908_013309_layout_34.json,3.0,3.0,20260908_013309_layout_34,1.5,-0.25,0.25,1.0,6.834000110626221,7.01800012588501,30.701000213623047,3,2,2,2,timeout
type_flocking_randommovement_0.00_perceptionrad_3.00_maxspeed_3.00_20260908_013309_layout_35.json,3.0,3.0,20260908_013309_layout_35,1.5,-0.25,0.25,1.0,6.831999778747559,7.0329999923706055,30.698999404907227,2,2,2,2,timeout
type_flocking_randommovement_0.00_perceptionrad_3.00_maxspeed_3.00_20260908_013309_layout_36.json,3.0,3.0,20260908_013309_layout_36,1.5,-0.25,0.25,1.0,9.048999786376953,9.265999794006348,18.966999053955078,1,1,1,1,goal-area
type_flocking_randommovement_0.00_perceptionrad_3.00_maxspeed_3.00_20260908_013309_layout_37.json,3.0,3.0,20260908_013309_layout_37,1.5,-0.25,0.25,1.0,7.867000102996826,8.300999641418457,30.701000213623047,1,5,5,1,timeout
type_flocking_randommovement_0.00_perceptionrad_3.00_maxspeed_3.00_20260908_013309_layout_38.json,3.0,3.0,20260908_013309_layout_38,1.5,-0.25,0.25,1.0,6.668000221252441,6.834000110626221,16.43400001525879,2,2,2,2,goal-area
type_flocking_randommovement_0.00_perceptionrad_3.00_maxspeed_3.00_20260908_013309_layout_39.json,3.0,3.0,20260908_013309_layout_39,1.5,-0.25,0.25,1.0,11.532999992370605,11.717000007629395,30.698999404907227,1,3,3,1,timeout
type_flocking_randommovement_0.00_perceptionrad_3.50_maxspeed_1.50_20260908_013309_layout_00.json,3.5,1.5,20260908_013309_layout_00,1.5,-0.25,0.25,1.0,16.68400001525879,17.048999786376953,30.698999404907227,1,1,1,2,timeout
type_flocking_randommovement_0.00_perceptionrad_3.50_maxspeed_1.50_20260908_013309_layout_01.json,3.5,1.5,20260908_013309_layout_01,1.5,-0.25,0.25,1.0,13.982000350952148,14.333999633789062,30.698999404907227,3,1,1,2,timeout
type_flocking_randommovement_0.00_perceptionrad_3.50_maxspeed_1.50_20260908_013309_layout_02.json,3.5,1.5,20260908_013309_layout_02,1.5,-0.25,0.25,1.0,13.482000350952148,13.815999984741211,30.698999404907227,6,2,2,2,timeout
type_flocking_randommovement_0.00_perceptionrad_3.50_maxspeed_1.50_20260908_013309_layout_03.json,3.5,1.5,20260908_013309_layout_03,1.5,-0.25,0.25,1.0,13.949000358581543,14.300999641418457,30.698999404907227,2,1,1,2,timeout
type_flocking_randommovement_0.00_perceptionrad_3.50_maxspeed_1.50_20260908_013309_layout_04.json,3.5,1.5,20260908_013309_layout_04,1.5,-0.25,0.25,1.0,13.383000373840332,13.767999649047852,30.701000213623047,3,2,1,1,timeout
type_flocking_randommovement_0.00_perceptionrad_3.50_maxspeed_1.50_20260908_013309_layout_05.json,3.5,1.5,20260908_013309_layout_05,1.5,-0.25,0.25,1.0,15.883000373840332,16.25,30.701000213623047,1,1,1,1,timeout
type_flocking_randommovement_0.00_perceptionrad_3.50_maxspeed_1.50_20260908_013309_layout_06.json,3.5,1.5,20260908_013309_layout_06,1.5,-0.25,0.25,1.0,15.484000205993652,15.899999618530273,30.701000213623047,2,1,1,1,timeout
type_flocking_randommovement_0.00_perceptionrad_3.50_maxspeed_1.50_20260908_013309_layout_07.json,3.5,1.5,20260908_013309_layout_07,1.5,-0.25,0.25,1.0,17.51799964904785,17.899999618530273,30.701000213623047,3,1,1,1,timeout
type_flocking_randommovement_0.00_perceptionrad_3.50_maxspeed_1.50_20260908_013309_layout_08.json,3.5,1.5,20260908_013309_layout_08,1.5,-0.25,0.25,1.0,17.283000946044922,17.701000213623047,30.701000213623047,2,2,2,2,timeout
type_flocking_randommovement_0.00_perceptionrad_3.50_maxspeed_1.50_20260908_013309_layout_09.json,3.5,1.5,20260908_013309_layout_09,1.5,-0.25,0.25,1.0,13.734000205993652,14.083999633789062,30.701000213623047,2,1,1,1,timeout
type_flocking_randommovement_0.00_perceptionrad_3.50_maxspeed_1.50_20260908_013309_layout_10.json,3.5,1.5,20260908_013309_layout_10,1.5,-0.25,0.25,1.0,13.350000381469727,13.75,30.698999404907227,2,2,2,1,timeout
type_flocking_randommovement_0.00_perceptionrad_3.50_maxspeed_1.50_20260908_013309_layout_11.json,3.5,1.5,20260908_013309_layout_11,1.5,-0.25,0.25,1.0,13.331999778747559,13.682000160217285,30.698999404907227,3,2,2,3,timeout
type_flocking_randommovement_0.00_perceptionrad_3.50_maxspeed_1.50_20260908_013309_layout_12.json,3.5,1.5,20260908_013309_layout_12,1.5,-0.25,0.25,1.0,13.331999778747559,13.666000366210938,30.698999404907227,1,2,2,2,timeout
type_flocking_randommovement_0.00_perceptionrad_3.50_maxspeed_1.50_20260908_013309_layout_13.json,3.5,1.5,20260908_013309_layout_13,1.5,-0.25,0.25,1.0,15.0,15.416000366210938,30.698999404907227,2,1,1,1,timeout
type_flocking_randommovement_0.00_perceptionrad_3.50_maxspeed_1.50_20260908_013309_layout_14.json,3.5,1.5,20260908_013309_layout_14,1.5,-0.25,0.25,1.0,14.967000007629395,15.416000366210938,30.698999404907227,5,1,1,1,timeout
type_flocking_randommovement_0.00_perceptionrad_3.50_maxspeed_1.50_20260908_013309_layout_15.json,3.5,1.5,20260908_013309_layout_15,1.5,-0.25,0.25,1.0,14.366999626159668,14.717000007629395,30.698999404907227,4,1,1,1,timeout
type_flocking_randommovement_0.00_perceptionrad_3.50_maxspeed_1.50_20260908_013309_layout_16.json,3.5,1.5,20260908_013309_layout_16,1.5,-0.25,0.25,1.0,13.833999633789062,14.166000366210938,30.698999404907227,4,2,1,1,timeout
type_flocking_randommovement_0.00_perceptionrad_3.50_maxspeed_1.50_20260908_013309_layout_17.json,3.5,1.5,20260908_013309_layout_17,1.5,-0.25,0.25,1.0,13.116999626159668,13.467000007629395,30.698999404907227,3,2,2,2,timeout
type_flocking_randommovement_0.00_perceptionrad_3.50_maxspeed_1.50_20260908_013309_layout_18.json,3.5,1.5,20260908_013309_layout_18,1.5,-0.25,0.25,1.0,15.032999992370605,16.083999633789062,30.698999404907227,2,3,3,2,timeout
type_flocking_randommovement_0.00_perceptionrad_3.50_maxspeed_1.50_20260908_013309_layout_19.json,3.5,1.5,20260908_013309_layout_19,1.5,-0.25,0.25,1.0,14.366999626159668,14.701000213623047,30.701000213623047,3,1,1,1,timeout
type_flocking_randommovement_0.00_perceptionrad_3.50_maxspeed_1.50_20260908_013309_layout_20.json,3.5,1.5,20260908_013309_layout_20,1.5,-0.25,0.25,1.0,17.350000381469727,17.75,30.701000213623047,3,2,2,1,timeout
type_flocking_randommovement_0.00_perceptionrad_3.50_maxspeed_1.50_20260908_013309_layout_21.json,3.5,1.5,20260908_013309_layout_21,1.5,-0.25,0.25,1.0,15.116999626159668,15.600000381469727,30.701000213623047,5,2,2,2,timeout
type_flocking_randommovement_0.00_perceptionrad_3.50_maxspeed_1.50_20260908_013309_layout_22.json,3.5,1.5,20260908_013309_layout_22,1.5,-0.25,0.25,1.0,13.550999641418457,13.885000228881836,30.701000213623047,2,2,2,4,timeout
type_flocking_randommovement_0.00_perceptionrad_3.50_maxspeed_1.50_20260908_013309_layout_23.json,3.5,1.5,20260908_013309_layout_23,1.5,-0.25,0.25,1.0,13.032999992370605,13.366999626159668,30.701000213623047,3,2,2,4,timeout
type_flocking_randommovement_0.00_perceptionrad_3.50_maxspeed_1.50_20260908_013309_layout_24.json,3.5,1.5,20260908_013309_layout_24,1.5,-0.25,0.25,1.0,17.216999053955078,17.635000228881836,30.701000213623047,2,2,2,2,timeout
type_flocking_randommovement_0.00_perceptionrad_3.50_maxspeed_1.50_20260908_013309_layout_25.json,3.5,1.5,20260908_013309_layout_25,1.5,-0.25,0.25,1.0,16.23200035095215,16.632999420166016,30.698999404907227,2,1,1,1,timeout
type_flocking_randommovement_0.00_perceptionrad_3.50_maxspeed_1.50_20260908_013309_layout_26.json,3.5,1.5,20260908_013309_layout_26,1.5,-0.25,0.25,1.0,15.14799976348877,15.565999984741211,30.698999404907227,2,1,1,1,timeout
type_flocking_randommovement_0.00_perceptionrad_3.50_maxspeed_1.50_20260908_013309_layout_27.json,3.5,1.5,20260908_013309_layout_27,1.5,-0.25,0.25,1.0,16.98200035095215,17.398000717163086,30.698999404907227,4,2,2,2,timeout
type_flocking_randommovement_0.00_perceptionrad_3.50_maxspeed_1.50_20260908_013309_layout_28.json,3.5,1.5,20260908_013309_layout_28,1.5,-0.25,0.25,1.0,15.798999786376953,16.25,30.698999404907227,4,1,1,1,timeout
type_flocking_randommovement_0.00_perceptionrad_3.50_maxspeed_1.50_20260908_013309_layout_29.json,3.5,1.5,20260908_013309_layout_29,1.5,-0.25,0.25,1.0,13.184000015258789,13.532999992370605,30.698999404907227,3,2,2,2,timeout
type_flocking_randommovement_0.00_perceptionrad_3.50_maxspeed_1.50_20260908_013309_layout_30.json,3.5,1.5,20260908_013309_layout_30,1.5,-0.25,0.25,1.0,17.266000747680664,17.68400001525879,30.698999404907227,3,1,1,1,timeout
type_flocking_randommovement_0.00_perceptionrad_3.50_maxspeed_1.50_20260908_013309_layout_31.json,3.5,1.5,20260908_013309_layout_31,1.5,-0.25,0.25,1.0,13.232000350952148,13.565999984741211,30.698999404907227,2,2,2,2,timeout
type_flocking_randommovement_0.00_perceptionrad_3.50_maxspeed_1.50_20260908_013309_layout_32.json,3.5,1.5,20260908_013309_layout_32,1.5,-0.25,0.25,1.0,13.866999626159668,14.232000350952148,30.698999404907227,4,2,2,2,timeout
type_flocking_randommovement_0.00_perceptionrad_3.50_maxspeed_1.50_20260908_013309_layout_33.json,3.5,1.5,20260908_013309_layout_33,1.5,-0.25,0.25,1.0,14.934000015258789,15.333999633789062,30.698999404907227,3,1,1,1,timeout
type_flocking_randommovement_0.00_perceptionrad_3.50_maxspeed_1.50_20260908_013309_layout_34.json,3.5,1.5,20260908_013309_layout_34,1.5,-0.25,0.25,1.0,13.565999984741211,13.899999618530273,30.701000213623047,3,2,1,1,timeout
type_flocking_randommovement_0.00_perceptionrad_3.50_maxspeed_1.50_20260908_013309_layout_35.json,3.5,1.5,20260908_013309_layout_35,1.5,-0.25,0.25,1.0,13.418000221252441,13.767999649047852,30.701000213623047,3,2,2,2,timeout
type_flocking_randommovement_0.00_perceptionrad_3.50_maxspeed_1.50_20260908_013309_layout_36.json,3.5,1.5,20260908_013309_layout_36,1.5,-0.25,0.25,1.0,16.31599998474121,16.733999252319336,30.701000213623047,3,1,1,1,timeout
type_flocking_randommovement_0.00_perceptionrad_3.50_maxspeed_1.50_20260908_013309_layout_37.json,3.5,1.5,20260908_013309_layout_37,1.5,-0.25,0.25,1.0,16.649999618530273,17.135000228881836,30.701000213623047,1,1,1,1,timeout
type_flocking_randommovement_0.00_perceptionrad_3.50_maxspeed_1.50_20260908_013309_layout_38.json,3.5,1.5,20260908_013309_layout_38,1.5,-0.25,0.25,1.0,13.282999992370605,13.635000228881836,30.701000213623047,5,2,2,2,timeout
type_flocking_randommovement_0.00_perceptionrad_3.50_maxspeed_1.50_20260908_013309_layout_39.json,3.5,1.5,20260908_013309_layout_39,1.5,-0.25,0.25,1.0,16.667999267578125,17.06800079345703,30.701000213623047,2,1,1,1,timeout
type_flocking_randommovement_0.00_perceptionrad_3.50_maxspeed_3.00_20260908_013309_layout_00.json,3.5,3.0,20260908_013309_layout_00,1.5,-0.25,0.25,1.0,7.165999889373779,7.448999881744385,30.698999404907227,1,1,1,1,timeout
type_flocking_randommovement_0.00_perceptionrad_3.50_maxspeed_3.00_20260908_013309_layout_01.json,3.5,3.0,20260908_013309_layout_01,1.5,-0.25,0.25,1.0,7.798999786376953,8.100000381469727,18.082000732421875,3,1,1,1,goal-area
type_flocking_randommovement_0.00_perceptionrad_3.50_maxspeed_3.00_20260908_013309_layout_02.json,3.5,3.0,20260908_013309_layout_02,1.5,-0.25,0.25,1.0,7.867000102996826,8.166000366210938,30.698999404907227,4,1,1,1,timeout
type_flocking_randommovement_0.00_perceptionrad_3.50_maxspeed_3.00_20260908_013309_layout_03.json,3.5,3.0,20260908_013309_layout_03,1.5,-0.25,0.25,1.0,7.650000095367432,7.934000015258789,30.698999404907227,2,1,1,2,timeout
type_flocking_randommovement_0.00_perceptionrad_3.50_maxspeed_3.00_20260908_013309_layout_04.json,3.5,3.0,20260908_013309_layout_04,1.5,-0.25,0.25,1.0,9.517999649047852,9.767999649047852,19.43400001525879,2,1,1,1,goal-area
type_flocking_randommovement_0.00_perceptionrad_3.50_maxspeed_3.00_20260908_013309_layout_05.json,3.5,3.0,20260908_013309_layout_05,1.5,-0.25,0.25,1.0,9.25,9.515999794006348,19.283000946044922,1,1,1,1,goal-area
type_flocking_randommovement_0.00_perceptionrad_3.50_maxspeed_3.00_20260908_013309_layout_06.json,3.5,3.0,20260908_013309_layout_06,1.5,-0.25,0.25,1.0,8.60200023651123,8.85200023651123,30.701000213623047,2,1,1,1,timeout
type_flocking_randommovement_0.00_perceptionrad_3.50_maxspeed_3.00_20260908_013309_layout_07.json,3.5,3.0,20260908_013309_layout_07,1.5,-0.25,0.25,1.0,10.083999633789062,10.282999992370605,19.983999252319336,3,1,1,1,goal-area
type_flocking_randommovement_0.00_perceptionrad_3.50_maxspeed_3.00_20260908_013309_layout_08.json,3.5,3.0,20260908_013309_layout_08,1.5,-0.25,0.25,1.0,8.633000373840332,8.949000358581543,18.68199920654297,2,1,1,1,goal-area
type_flocking_randommovement_0.00_perceptionrad_3.50_maxspeed_3.00_20260908_013309_layout_09.json,3.5,3.0,20260908_013309_layout_09,1.5,-0.25,0.25,1.0,7.099999904632568,7.334000110626221,30.698999404907227,1,1,1,2,timeout
type_flocking_randommovement_0.00_perceptionrad_3.50_maxspeed_3.00_20260908_013309_layout_10.json,3.5,3.0,20260908_013309_layout_10,1.5,-0.25,0.25,1.0,6.75,6.934000015258789,16.916000366210938,2,2,2,2,goal-area
type_flocking_randommovement_0.00_perceptionrad_3.50_maxspeed_3.00_20260908_013309_layout_11.json,3.5,3.0,20260908_013309_layout_11,1.5,-0.25,0.25,1.0,6.834000110626221,7.01800012588501,30.701000213623047,2,2,2,1,timeout
type_flocking_randommovement_0.00_perceptionrad_3.50_maxspeed_3.00_20260908_013309_layout_12.json,3.5,3.0,20260908_013309_layout_12,1.5,-0.25,0.25,1.0,7.668000221252441,8.234000205993652,30.701000213623047,1,2,2,2,timeout
type_flocking_randommovement_0.00_perceptionrad_3.50_maxspeed_3.00_20260908_013309_layout_13.json,3.5,3.0,20260908_013309_layout_13,1.5,-0.25,0.25,1.0,7.5329999923706055,7.801000118255615,30.701000213623047,2,1,1,1,timeout
type_flocking_randommovement_0.00_perceptionrad_3.50_maxspeed_3.00_20260908_013309_layout_14.json,3.5,3.0,20260908_013309_layout_14,1.5,-0.25,0.25,1.0,15.282999992370605,15.467000007629395,25.385000228881836,3,1,1,1,goal-area
type_flocking_randommovement_0.00_perceptionrad_3.50_maxspeed_3.00_20260908_013309_layout_15.json,3.5,3.0,20260908_013309_layout_15,1.5,-0.25,0.25,1.0,7.815999984741211,8.100000381469727,30.701000213623047,3,1,1,1,timeout
type_flocking_randommovement_0.00_perceptionrad_3.50_maxspeed_3.00_20260908_013309_layout_16.json,3.5,3.0,20260908_013309_layout_16,1.5,-0.25,0.25,1.0,7.0,7.168000221252441,30.701000213623047,4,1,1,1,timeout
type_flocking_randommovement_0.00_perceptionrad_3.50_maxspeed_3.00_20260908_013309_layout_17.json,3.5,3.0,20260908_013309_layout_17,1.5,-0.25,0.25,1.0,7.5,7.817999839782715,30.701000213623047,3,2,3,1,timeout
type_flocking_randommovement_0.00_perceptionrad_3.50_maxspeed_3.00_20260908_013309_layout_18.json,3.5,3.0,20260908_013309_layout_18,1.5,-0.25,0.25,1.0,7.0,7.168000221252441,30.701000213623047,2,2,2,2,timeout
type_flocking_randommovement_0.00_perceptionrad_3.50_maxspeed_3.00_20260908_013309_layout_19.json,3.5,3.0,20260908_013309_layout_19,1.5,-0.25,0.25,1.0,7.2829999923706055,7.48199987411499,30.698999404907227,2,1,1,2,timeout
type_flocking_randommovement_0.00_perceptionrad_3.50_maxspeed_3.00_20260908_013309_layout_20.json,3.5,3.0,20260908_013309_layout_20,1.5,-0.25,0.25,1.0,7.065999984741211,7.265999794006348,30.698999404907227,1,1,1,1,timeout
type_flocking_randommovement_0.00_perceptionrad_3.50_maxspeed_3.00_20260908_013309_layout_21.json,3.5,3.0,20260908_013309_layout_21,1.5,-0.25,0.25,1.0,6.815999984741211,7.0,30.698999404907227,4,2,2,3,timeout
type_flocking_randommovement_0.00_perceptionrad_3.50_maxspeed_3.00_20260908_013309_layout_22.json,3.5,3.0,20260908_013309_layout_22,1.5,-0.25,0.25,1.0,6.765999794006348,6.934000015258789,16.266000747680664,2,2,2,4,goal-area
type_flocking_randommovement_0.00_perceptionrad_3.50_maxspeed_3.00_20260908_013309_layout_23.json,3.5,3.0,20260908_013309_layout_23,1.5,-0.25,0.25,1.0,6.882999897003174,7.065999984741211,30.698999404907227,2,2,2,2,timeout
type_flocking_randommovement_0.00_perceptionrad_3.50_maxspeed_3.00_20260908_013309_layout_24.json,3.5,3.0,20260908_013309_layout_24,1.5,-0.25,0.25,1.0,9.467000007629395,9.684000015258789,19.583999633789062,1,2,2,1,goal-area
type_flocking_randommovement_0.00_perceptionrad_3.50_maxspeed_3.00_20260908_013309_layout_25.json,3.5,3.0,20260908_013309_layout_25,1.5,-0.25,0.25,1.0,10.517999649047852,10.717000007629395,20.533000946044922,1,2,2,1,goal-area
type_flocking_randommovement_0.00_perceptionrad_3.50_maxspeed_3.00_20260908_013309_layout_26.json,3.5,3.0,20260908_013309_layout_26,1.5,-0.25,0.25,1.0,13.199000358581543,13.366999626159668,30.698999404907227,2,3,3,2,timeout
type_flocking_randommovement_0.00_perceptionrad_3.50_maxspeed_3.00_20260908_013309_layout_27.json,3.5,3.0,20260908_013309_layout_27,1.5,-0.25,0.25,1.0,14.850000381469727,15.017999649047852,25.216999053955078,3,2,2,2,goal-area
type_flocking_randommovement_0.00_perceptionrad_3.50_maxspeed_3.00_20260908_013309_layout_28.json,3.5,3.0,20260908_013309_layout_28,1.5,-0.25,0.25,1.0,12.684000015258789,12.850000381469727,30.698999404907227,4,3,3,1,timeout
type_flocking_randommovement_0.00_perceptionrad_3.50_maxspeed_3.00_20260908_013309_layout_29.json,3.5,3.0,20260908_013309_layout_29,1.5,-0.25,0.25,1.0,6.765999794006348,7.015999794006348,30.698999404907227,2,3,2,1,timeout
type_flocking_randommovement_0.00_perceptionrad_3.50_maxspeed_3.00_20260908_013309_layout_30.json,3.5,3.0,20260908_013309_layout_30,1.5,-0.25,0.25,1.0,6.948999881744385,7.132999897003174,30.698999404907227,3,2,2,2,timeout
type_flocking_randommovement_0.00_perceptionrad_3.50_maxspeed_3.00_20260908_013309_layout_31.json,3.5,3.0,20260908_013309_layout_31,1.5,-0.25,0.25,1.0,8.833999633789062,9.083999633789062,18.867000579833984,2,2,2,1,goal-area
type_flocking_randommovement_0.00_perceptionrad_3.50_maxspeed_3.00_20260908_013309_layout_32.json,3.5,3.0,20260908_013309_layout_32,1.5,-0.25,0.25,1.0,12.116999626159668,12.300999641418457,22.167999267578125,3,2,2,2,goal-area
type_flocking_randommovement_0.00_perceptionrad_3.50_maxspeed_3.00_20260908_013309_layout_33.json,3.5,3.0,20260908_013309_layout_33,1.5,-0.25,0.25,1.0,8.385000228881836,8.668000221252441,30.701000213623047,2,1,1,1,timeout
type_flocking_randommovement_0.00_perceptionrad_3.50_maxspeed_3.00_20260908_013309_layout_34.json,3.5,3.0,20260908_013309_layout_34,1.5,-0.25,0.25,1.0,7.150000095367432,7.4670000076293945,30.701000213623047,3,1,1,1,timeout
type_flocking_randommovement_0.00_perceptionrad_3.50_maxspeed_3.00_20260908_013309_layout_35.json,3.5,3.0,20260908_013309_layout_35,1.5,-0.25,0.25,1.0,7.684000015258789,8.050999641418457,30.701000213623047,3,1,1,1,timeout
type_flocking_randommovement_0.00_perceptionrad_3.50_maxspeed_3.00_20260908_013309_layout_36.json,3.5,3.0,20260908_013309_layout_36,1.5,-0.25,0.25,1.0,11.21500015258789,11.39799976348877,21.082000732421875,1,1,1,1,goal-area
type_flocking_randommovement_0.00_perceptionrad_3.50_maxspeed_3.00_20260908_013309_layout_37.json,3.5,3.0,20260908_013309_layout_37,1.5,-0.25,0.25,1.0,9.866999626159668,10.065999984741211,20.132999420166016,1,2,2,1,goal-area
type_flocking_randommovement_0.00_perceptionrad_3.50_maxspeed_3.00_20260908_013309_layout_38.json,3.5,3.0,20260908_013309_layout_38,1.5,-0.25,0.25,1.0,6.698999881744385,6.867000102996826,30.698999404907227,2,2,2,2,timeout
type_flocking_randommovement_0.00_perceptionrad_3.50_maxspeed_3.00_20260908_013309_layout_39.json,3.5,3.0,20260908_013309_layout_39,1.5,-0.25,0.25,1.0,8.015999794006348,8.350000381469727,30.698999404907227,1,1,1,1,timeout
type_flocking_randommovement_0.00_perceptionrad_4.00_maxspeed_1.50_20260908_013309_layout_00.json,4.0,1.5,20260908_013309_layout_00,1.5,-0.25,0.25,1.0,15.032999992370605,15.550999641418457,30.698999404907227,1,1,1,1,timeout
type_flocking_randommovement_0.00_perceptionrad_4.00_maxspeed_1.50_20260908_013309_layout_01.json,4.0,1.5,20260908_013309_layout_01,1.5,-0.25,0.25,1.0,14.649999618530273,15.050999641418457,30.698999404907227,3,1,1,1,timeout
type_flocking_randommovement_0.00_perceptionrad_4.00_maxspeed_1.50_20260908_013309_layout_02.json,4.0,1.5,20260908_013309_layout_02,1.5,-0.25,0.25,1.0,17.26799964904785,17.666000366210938,30.698999404907227,6,1,1,1,timeout
type_flocking_randommovement_0.00_perceptionrad_4.00_maxspeed_1.50_20260908_013309_layout_03.json,4.0,1.5,20260908_013309_layout_03,1.5,-0.25,0.25,1.0,14.767999649047852,15.184000015258789,30.701000213623047,2,1,1,1,timeout
type_flocking_randommovement_0.00_perceptionrad_4.00_maxspeed_1.50_20260908_013309_layout_04.json,4.0,1.5,20260908_013309_layout_04,1.5,-0.25,0.25,1.0,14.550999641418457,14.951000213623047,30.701000213623047,3,1,1,1,timeout
type_flocking_randommovement_0.00_perceptionrad_4.00_maxspeed_1.50_20260908_013309_layout_05.json,4.0,1.5,20260908_013309_layout_05,1.5,-0.25,0.25,1.0,15.017999649047852,15.366999626159668,30.701000213623047,1,1,1,1,timeout
type_flocking_randommovement_0.00_perceptionrad_4.00_maxspeed_1.50_20260908_013309_layout_06.json,4.0,1.5,20260908_013309_layout_06,1.5,-0.25,0.25,1.0,16.135000228881836,16.635000228881836,30.701000213623047,2,1,1,1,timeout
type_flocking_randommovement_0.00_perceptionrad_4.00_maxspeed_1.50_20260908_013309_layout_07.json,4.0,1.5,20260908_013309_layout_07,1.5,-0.25,0.25,1.0,14.282999992370605,14.734000205993652,30.701000213623047,3,1,1,1,timeout
type_flocking_randommovement_0.00_perceptionrad_4.00_maxspeed_1.50_20260908_013309_layout_08.json,4.0,1.5,20260908_013309_layout_08,1.5,-0.25,0.25,1.0,18.81800079345703,19.25,30.701000213623047,2,1,1,1,timeout
type_flocking_randommovement_0.00_perceptionrad_4.00_maxspeed_1.50_20260908_013309_layout_09.json,4.0,1.5,20260908_013309_layout_09,1.5,-0.25,0.25,1.0,13.782999992370605,14.133000373840332,30.698999404907227,2,1,1,1,timeout
type_flocking_randommovement_0.00_perceptionrad_4.00_maxspeed_1.50_20260908_013309_layout_10.json,4.0,1.5,20260908_013309_layout_10,1.5,-0.25,0.25,1.0,14.682000160217285,15.065999984741211,30.698999404907227,3,2,3,2,timeout
type_flocking_randommovement_0.00_perceptionrad_4.00_maxspeed_1.50_20260908_013309_layout_11.json,4.0,1.5,20260908_013309_layout_11,1.5,-0.25,0.25,1.0,14.467000007629395,14.831999778747559,30.698999404907227,3,1,1,2,timeout
type_flocking_randommovement_0.00_perceptionrad_4.00_maxspeed_1.50_20260908_013309_layout_12.json,4.0,1.5,20260908_013309_layout_12,1.5,-0.25,0.25,1.0,15.081999778747559,15.548999786376953,30.698999404907227,1,1,1,1,timeout
type_flocking_randommovement_0.00_perceptionrad_4.00_maxspeed_1.50_20260908_013309_layout_13.json,4.0,1.5,20260908_013309_layout_13,1.5,-0.25,0.25,1.0,15.699000358581543,16.048999786376953,30.698999404907227,2,1,1,2,timeout
type_flocking_randommovement_0.00_perceptionrad_4.00_maxspeed_1.50_20260908_013309_layout_14.json,4.0,1.5,20260908_013309_layout_14,1.5,-0.25,0.25,1.0,17.283000946044922,17.666000366210938,30.698999404907227,2,1,1,2,timeout
type_flocking_randommovement_0.00_perceptionrad_4.00_maxspeed_1.50_20260908_013309_layout_15.json,4.0,1.5,20260908_013309_layout_15,1.5,-0.25,0.25,1.0,17.31599998474121,17.666000366210938,30.698999404907227,4,2,2,1,timeout
type_flocking_randommovement_0.00_perceptionrad_4.00_maxspeed_1.50_20260908_013309_layout_16.json,4.0,1.5,20260908_013309_layout_16,1.5,-0.25,0.25,1.0,13.833999633789062,14.232000350952148,30.698999404907227,4,1,1,1,timeout
type_flocking_randommovement_0.00_perceptionrad_4.00_maxspeed_1.50_20260908_013309_layout_17.json,4.0,1.5,20260908_013309_layout_17,1.5,-0.25,0.25,1.0,12.967000007629395,13.300999641418457,30.698999404907227,3,2,2,2,timeout
type_flocking_randommovement_0.00_perceptionrad_4.00_maxspeed_1.50_20260908_013309_layout_18.json,4.0,1.5,20260908_013309_layout_18,1.5,-0.25,0.25,1.0,17.149999618530273,17.617000579833984,30.701000213623047,3,1,1,1,timeout
type_flocking_randommovement_0.00_perceptionrad_4.00_maxspeed_1.50_20260908_013309_layout_19.json,4.0,1.5,20260908_013309_layout_19,1.5,-0.25,0.25,1.0,17.18400001525879,17.551000595092773,30.701000213623047,2,1,1,1,timeout
type_flocking_randommovement_0.00_perceptionrad_4.00_maxspeed_1.50_20260908_013309_layout_20.json,4.0,1.5,20260908_013309_layout_20,1.5,-0.25,0.25,1.0,15.315999984741211,15.734000205993652,30.701000213623047,2,1,1,1,timeout
type_flocking_randommovement_0.00_perceptionrad_4.00_maxspeed_1.50_20260908_013309_layout_21.json,4.0,1.5,20260908_013309_layout_21,1.5,-0.25,0.25,1.0,15.168000221252441,15.649999618530273,30.701000213623047,4,1,1,1,timeout
type_flocking_randommovement_0.00_perceptionrad_4.00_maxspeed_1.50_20260908_013309_layout_22.json,4.0,1.5,20260908_013309_layout_22,1.5,-0.25,0.25,1.0,13.550999641418457,13.899999618530273,30.701000213623047,2,2,2,2,timeout
type_flocking_randommovement_0.00_perceptionrad_4.00_maxspeed_1.50_20260908_013309_layout_23.json,4.0,1.5,20260908_013309_layout_23,1.5,-0.25,0.25,1.0,16.733999252319336,17.18400001525879,30.701000213623047,2,1,1,1,timeout
type_flocking_randommovement_0.00_perceptionrad_4.00_maxspeed_1.50_20260908_013309_layout_24.json,4.0,1.5,20260908_013309_layout_24,1.5,-0.25,0.25,1.0,16.048999786376953,16.448999404907227,30.698999404907227,2,1,1,1,timeout
type_flocking_randommovement_0.00_perceptionrad_4.00_maxspeed_1.50_20260908_013309_layout_25.json,4.0,1.5,20260908_013309_layout_25,1.5,-0.25,0.25,1.0,16.100000381469727,16.466999053955078,30.698999404907227,1,1,1,1,timeout
type_flocking_randommovement_0.00_perceptionrad_4.00_maxspeed_1.50_20260908_013309_layout_26.json,4.0,1.5,20260908_013309_layout_26,1.5,-0.25,0.25,1.0,17.850000381469727,18.23200035095215,30.698999404907227,2,1,1,1,timeout
type_flocking_randommovement_0.00_perceptionrad_4.00_maxspeed_1.50_20260908_013309_layout_27.json,4.0,1.5,20260908_013309_layout_27,1.5,-0.25,0.25,1.0,15.232000350952148,15.649999618530273,30.698999404907227,4,1,1,1,timeout
type_flocking_randommovement_0.00_perceptionrad_4.00_maxspeed_1.50_20260908_013309_layout_28.json,4.0,1.5,20260908_013309_layout_28,1.5,-0.25,0.25,1.0,16.56599998474121,16.98200035095215,30.698999404907227,4,1,1,1,timeout
type_flocking_randommovement_0.00_perceptionrad_4.00_maxspeed_1.50_20260908_013309_layout_29.json,4.0,1.5,20260908_013309_layout_29,1.5,-0.25,0.25,1.0,13.699000358581543,14.048999786376953,30.698999404907227,3,1,1,1,timeout
type_flocking_randommovement_0.00_perceptionrad_4.00_maxspeed_1.50_20260908_013309_layout_30.json,4.0,1.5,20260908_013309_layout_30,1.5,-0.25,0.25,1.0,16.56599998474121,17.117000579833984,30.698999404907227,2,1,1,1,timeout
type_flocking_randommovement_0.00_perceptionrad_4.00_maxspeed_1.50_20260908_013309_layout_31.json,4.0,1.5,20260908_013309_layout_31,1.5,-0.25,0.25,1.0,16.948999404907227,17.43400001525879,30.698999404907227,3,1,1,1,timeout
type_flocking_randommovement_0.00_perceptionrad_4.00_maxspeed_1.50_20260908_013309_layout_32.json,4.0,1.5,20260908_013309_layout_32,1.5,-0.25,0.25,1.0,14.416000366210938,14.850000381469727,30.701000213623047,4,1,1,1,timeout
type_flocking_randommovement_0.00_perceptionrad_4.00_maxspeed_1.50_20260908_013309_layout_33.json,4.0,1.5,20260908_013309_layout_33,1.5,-0.25,0.25,1.0,14.184000015258789,14.532999992370605,30.701000213623047,2,1,1,1,timeout
type_flocking_randommovement_0.00_perceptionrad_4.00_maxspeed_1.50_20260908_013309_layout_34.json,4.0,1.5,20260908_013309_layout_34,1.5,-0.25,0.25,1.0,17.216999053955078,17.583999633789062,30.701000213623047,3,2,2,2,timeout
type_flocking_randommovement_0.00_perceptionrad_4.00_maxspeed_1.50_20260908_013309_layout_35.json,4.0,1.5,20260908_013309_layout_35,1.5,-0.25,0.25,1.0,16.149999618530273,16.617000579833984,30.701000213623047,3,1,1,1,timeout
type_flocking_randommovement_0.00_perceptionrad_4.00_maxspeed_1.50_20260908_013309_layout_36.json,4.0,1.5,20260908_013309_layout_36,1.5,-0.25,0.25,1.0,17.216999053955078,17.635000228881836,30.701000213623047,3,1,1,1,timeout
type_flocking_randommovement_0.00_perceptionrad_4.00_maxspeed_1.50_20260908_013309_layout_37.json,4.0,1.5,20260908_013309_layout_37,1.5,-0.25,0.25,1.0,16.966999053955078,17.367000579833984,30.701000213623047,2,1,1,1,timeout
type_flocking_randommovement_0.00_perceptionrad_4.00_maxspeed_1.50_20260908_013309_layout_38.json,4.0,1.5,20260908_013309_layout_38,1.5,-0.25,0.25,1.0,13.166000366210938,13.565999984741211,30.698999404907227,5,2,2,2,timeout
type_flocking_randommovement_0.00_perceptionrad_4.00_maxspeed_1.50_20260908_013309_layout_39.json,4.0,1.5,20260908_013309_layout_39,1.5,-0.25,0.25,1.0,17.298999786376953,17.716999053955078,30.698999404907227,1,1,1,2,timeout
type_flocking_randommovement_0.00_perceptionrad_4.00_maxspeed_3.00_20260908_013309_layout_00.json,4.0,3.0,20260908_013309_layout_00,1.5,-0.25,0.25,1.0,8.449000358581543,8.717000007629395,18.666000366210938,1,1,1,1,goal-area
type_flocking_randommovement_0.00_perceptionrad_4.00_maxspeed_3.00_20260908_013309_layout_01.json,4.0,3.0,20260908_013309_layout_01,1.5,-0.25,0.25,1.0,8.217000007629395,8.5,30.698999404907227,3,1,1,2,timeout
type_flocking_randommovement_0.00_perceptionrad_4.00_maxspeed_3.00_20260908_013309_layout_02.json,4.0,3.0,20260908_013309_layout_02,1.5,-0.25,0.25,1.0,10.916000366210938,11.100000381469727,20.75,4,2,1,1,goal-area
type_flocking_randommovement_0.00_perceptionrad_4.00_maxspeed_3.00_20260908_013309_layout_03.json,4.0,3.0,20260908_013309_layout_03,1.5,-0.25,0.25,1.0,7.617000102996826,7.918000221252441,30.701000213623047,1,1,1,1,timeout
type_flocking_randommovement_0.00_perceptionrad_4.00_maxspeed_3.00_20260908_013309_layout_04.json,4.0,3.0,20260908_013309_layout_04,1.5,-0.25,0.25,1.0,9.050999641418457,9.28499984741211,30.701000213623047,2,1,1,1,timeout
type_flocking_randommovement_0.00_perceptionrad_4.00_maxspeed_3.00_20260908_013309_layout_05.json,4.0,3.0,20260908_013309_layout_05,1.5,-0.25,0.25,1.0,10.449000358581543,10.64799976348877,20.350000381469727,1,1,1,1,goal-area
type_flocking_randommovement_0.00_perceptionrad_4.00_maxspeed_3.00_20260908_013309_layout_06.json,4.0,3.0,20260908_013309_layout_06,1.5,-0.25,0.25,1.0,7.2170000076293945,7.451000213623047,30.701000213623047,1,1,1,1,timeout
type_flocking_randommovement_0.00_perceptionrad_4.00_maxspeed_3.00_20260908_013309_layout_07.json,4.0,3.0,20260908_013309_layout_07,1.5,-0.25,0.25,1.0,16.51799964904785,16.68400001525879,26.135000228881836,3,2,2,2,goal-area
type_flocking_randommovement_0.00_perceptionrad_4.00_maxspeed_3.00_20260908_013309_layout_08.json,4.0,3.0,20260908_013309_layout_08,1.5,-0.25,0.25,1.0,9.833999633789062,10.067999839782715,19.76799964904785,2,1,1,1,goal-area
type_flocking_randommovement_0.00_perceptionrad_4.00_maxspeed_3.00_20260908_013309_layout_09.json,4.0,3.0,20260908_013309_layout_09,1.5,-0.25,0.25,1.0,6.98199987411499,7.182000160217285,17.06599998474121,1,1,1,1,goal-area
type_flocking_randommovement_0.00_perceptionrad_4.00_maxspeed_3.00_20260908_013309_layout_10.json,4.0,3.0,20260908_013309_layout_10,1.5,-0.25,0.25,1.0,6.867000102996826,7.051000118255615,30.701000213623047,2,2,2,1,timeout
type_flocking_randommovement_0.00_perceptionrad_4.00_maxspeed_3.00_20260908_013309_layout_11.json,4.0,3.0,20260908_013309_layout_11,1.5,-0.25,0.25,1.0,8.899999618530273,9.149999618530273,30.701000213623047,2,1,1,1,timeout
type_flocking_randommovement_0.00_perceptionrad_4.00_maxspeed_3.00_20260908_013309_layout_12.json,4.0,3.0,20260908_013309_layout_12,1.5,-0.25,0.25,1.0,9.182000160217285,9.39799976348877,19.132999420166016,1,1,1,1,goal-area
type_flocking_randommovement_0.00_perceptionrad_4.00_maxspeed_3.00_20260908_013309_layout_13.json,4.0,3.0,20260908_013309_layout_13,1.5,-0.25,0.25,1.0,7.117000102996826,7.367000102996826,30.701000213623047,1,1,1,1,timeout
type_flocking_randommovement_0.00_perceptionrad_4.00_maxspeed_3.00_20260908_013309_layout_14.json,4.0,3.0,20260908_013309_layout_14,1.5,-0.25,0.25,1.0,12.565999984741211,12.75,22.73200035095215,2,2,2,2,goal-area
type_flocking_randommovement_0.00_perceptionrad_4.00_maxspeed_3.00_20260908_013309_layout_15.json,4.0,3.0,20260908_013309_layout_15,1.5,-0.25,0.25,1.0,7.132999897003174,7.364999771118164,30.698999404907227,3,1,1,2,timeout
type_flocking_randommovement_0.00_perceptionrad_4.00_maxspeed_3.00_20260908_013309_layout_16.json,4.0,3.0,20260908_013309_layout_16,1.5,-0.25,0.25,1.0,6.915999889373779,7.081999778747559,30.698999404907227,4,1,1,1,timeout
type_flocking_randommovement_0.00_perceptionrad_4.00_maxspeed_3.00_20260908_013309_layout_17.json,4.0,3.0,20260908_013309_layout_17,1.5,-0.25,0.25,1.0,8.883000373840332,9.184000015258789,19.132999420166016,3,2,2,2,goal-area
type_flocking_randommovement_0.00_perceptionrad_4.00_maxspeed_3.00_20260908_013309_layout_18.json,4.0,3.0,20260908_013309_layout_18,1.5,-0.25,0.25,1.0,8.199000358581543,8.532999992370605,18.23200035095215,2,1,1,1,goal-area
type_flocking_randommovement_0.00_perceptionrad_4.00_maxspeed_3.00_20260908_013309_layout_19.json,4.0,3.0,20260908_013309_layout_19,1.5,-0.25,0.25,1.0,7.298999786376953,7.48199987411499,17.333999633789062,2,1,1,1,goal-area
type_flocking_randommovement_0.00_perceptionrad_4.00_maxspeed_3.00_20260908_013309_layout_20.json,4.0,3.0,20260908_013309_layout_20,1.5,-0.25,0.25,1.0,8.399999618530273,8.734000205993652,30.701000213623047,1,1,1,1,timeout
type_flocking_randommovement_0.00_perceptionrad_4.00_maxspeed_3.00_20260908_013309_layout_21.json,4.0,3.0,20260908_013309_layout_21,1.5,-0.25,0.25,1.0,8.885000228881836,9.135000228881836,18.76799964904785,3,1,1,1,goal-area
type_flocking_randommovement_0.00_perceptionrad_4.00_maxspeed_3.00_20260908_013309_layout_22.json,4.0,3.0,20260908_013309_layout_22,1.5,-0.25,0.25,1.0,8.399999618530273,8.668000221252441,30.701000213623047,2,1,1,1,timeout
type_flocking_randommovement_0.00_perceptionrad_4.00_maxspeed_3.00_20260908_013309_layout_23.json,4.0,3.0,20260908_013309_layout_23,1.5,-0.25,0.25,1.0,8.482000350952148,8.798999786376953,18.582000732421875,2,1,1,1,goal-area
type_flocking_randommovement_0.00_perceptionrad_4.00_maxspeed_3.00_20260908_013309_layout_24.json,4.0,3.0,20260908_013309_layout_24,1.5,-0.25,0.25,1.0,9.633000373840332,9.850000381469727,19.600000381469727,1,1,1,1,goal-area
type_flocking_randommovement_0.00_perceptionrad_4.00_maxspeed_3.00_20260908_013309_layout_25.json,4.0,3.0,20260908_013309_layout_25,1.5,-0.25,0.25,1.0,10.383000373840332,10.565999984741211,20.399999618530273,1,2,2,1,goal-area
type_flocking_randommovement_0.00_perceptionrad_4.00_maxspeed_3.00_20260908_013309_layout_26.json,4.0,3.0,20260908_013309_layout_26,1.5,-0.25,0.25,1.0,9.883000373840332,10.065999984741211,30.701000213623047,2,2,2,1,timeout
type_flocking_randommovement_0.00_perceptionrad_4.00_maxspeed_3.00_20260908_013309_layout_27.json,4.0,3.0,20260908_013309_layout_27,1.5,-0.25,0.25,1.0,10.25,10.434000015258789,20.385000228881836,3,2,1,1,goal-area
type_flocking_randommovement_0.00_perceptionrad_4.00_maxspeed_3.00_20260908_013309_layout_28.json,4.0,3.0,20260908_013309_layout_28,1.5,-0.25,0.25,1.0,9.184000015258789,9.451000213623047,19.201000213623047,2,1,1,1,goal-area
type_flocking_randommovement_0.00_perceptionrad_4.00_maxspeed_3.00_20260908_013309_layout_29.json,4.0,3.0,20260908_013309_layout_29,1.5,-0.25,0.25,1.0,7.135000228881836,7.400000095367432,17.850000381469727,2,1,1,1,goal-area
type_flocking_randommovement_0.00_perceptionrad_4.00_maxspeed_3.00_20260908_013309_layout_30.json,4.0,3.0,20260908_013309_layout_30,1.5,-0.25,0.25,1.0,9.017999649047852,9.25,19.051000595092773,1,1,1,1,goal-area
type_flocking_randommovement_0.00_perceptionrad_4.00_maxspeed_3.00_20260908_013309_layout_31.json,4.0,3.0,20260908_013309_layout_31,1.5,-0.25,0.25,1.0,8.418000221252441,8.701000213623047,18.601999282836914,1,1,1,1,goal-area
type_flocking_randommovement_0.00_perceptionrad_4.00_maxspeed_3.00_20260908_013309_layout_32.json,4.0,3.0,20260908_013309_layout_32,1.5,-0.25,0.25,1.0,13.201000213623047,13.385000228881836,23.551000595092773,2,1,1,1,goal-area
type_flocking_randommovement_0.00_perceptionrad_4.00_maxspeed_3.00_20260908_013309_layout_33.json,4.0,3.0,20260908_013309_layout_33,1.5,-0.25,0.25,1.0,9.39799976348877,9.633000373840332,19.398000717163086,1,1,1,1,goal-area
type_flocking_randommovement_0.00_perceptionrad_4.00_maxspeed_3.00_20260908_013309_layout_34.json,4.0,3.0,20260908_013309_layout_34,1.5,-0.25,0.25,1.0,7.4670000076293945,7.684000015258789,30.698999404907227,3,1,1,1,timeout
type_flocking_randommovement_0.00_perceptionrad_4.00_maxspeed_3.00_20260908_013309_layout_35.json,4.0,3.0,20260908_013309_layout_35,1.5,-0.25,0.25,1.0,9.267999649047852,9.484000205993652,19.5,2,1,1,1,goal-area
type_flocking_randommovement_0.00_perceptionrad_4.00_maxspeed_3.00_20260908_013309_layout_36.json,4.0,3.0,20260908_013309_layout_36,1.5,-0.25,0.25,1.0,10.184000015258789,10.383000373840332,20.100000381469727,1,1,1,1,goal-area
type_flocking_randommovement_0.00_perceptionrad_4.00_maxspeed_3.00_20260908_013309_layout_37.json,4.0,3.0,20260908_013309_layout_37,1.5,-0.25,0.25,1.0,8.699000358581543,9.015999794006348,18.898000717163086,1,1,1,1,goal-area
type_flocking_randommovement_0.00_perceptionrad_4.00_maxspeed_3.00_20260908_013309_layout_38.json,4.0,3.0,20260908_013309_layout_38,1.5,-0.25,0.25,1.0,7.01800012588501,7.198999881744385,30.698999404907227,2,1,1,1,timeout
type_flocking_randommovement_0.00_perceptionrad_4.00_maxspeed_3.00_20260908_013309_layout_39.json,4.0,3.0,20260908_013309_layout_39,1.5,-0.25,0.25,1.0,9.100000381469727,9.315999984741211,19.01799964904785,1,2,2,1,goal-area
